year,age,population,sex
1989,0,370680,1
1989,0,354974,2
1989,1,379109,1
1989,1,362729,2
1989,2,397772,1
1989,2,381864,2
1989,3,387079,1
1989,3,374154,2
1989,4,399224,1
1989,4,383125,2
1989,5,403120,1
1989,5,390385,2
1989,6,374190,1
1989,6,361074,2
1989,7,361379,1
1989,7,349656,2
1989,8,374245,1
1989,8,360196,2
1989,9,366513,1
1989,9,353263,2
1989,10,365252,1
1989,10,353444,2
1989,11,358882,1
1989,11,348483,2
1989,12,374373,1
1989,12,363147,2
1989,13,369002,1
1989,13,359436,2
1989,14,367348,1
1989,14,357371,2
1989,15,372240,1
1989,15,354567,2
1989,16,386514,1
1989,16,368871,2
1989,17,377658,1
1989,17,355397,2
1989,18,350223,1
1989,18,343807,2
1989,19,321252,1
1989,19,318730,2
1989,20,328366,1
1989,20,327607,2
1989,21,331818,1
1989,21,325406,2
1989,22,340749,1
1989,22,335322,2
1989,23,332679,1
1989,23,329902,2
1989,24,350974,1
1989,24,349593,2
1989,25,373758,1
1989,25,375162,2
1989,26,386940,1
1989,26,390165,2
1989,27,395429,1
1989,27,397253,2
1989,28,412097,1
1989,28,417496,2
1989,29,401412,1
1989,29,407403,2
1989,30,403062,1
1989,30,410270,2
1989,31,391578,1
1989,31,398415,2
1989,32,383800,1
1989,32,394610,2
1989,33,367004,1
1989,33,378197,2
1989,34,378785,1
1989,34,393285,2
1989,35,353831,1
1989,35,368733,2
1989,36,367021,1
1989,36,383364,2
1989,37,364720,1
1989,37,378440,2
1989,38,362303,1
1989,38,381820,2
1989,39,378533,1
1989,39,403483,2
1989,40,331739,1
1989,40,353979,2
1989,41,287001,1
1989,41,308456,2
1989,42,284709,1
1989,42,309668,2
1989,43,181163,1
1989,43,202009,2
1989,44,210991,1
1989,44,237363,2
1989,45,198678,1
1989,45,222868,2
1989,46,246684,1
1989,46,281601,2
1989,47,337941,1
1989,47,381218,2
1989,48,342251,1
1989,48,390299,2
1989,49,378488,1
1989,49,440594,2
1989,50,405192,1
1989,50,475089,2
1989,51,428888,1
1989,51,490721,2
1989,52,352047,1
1989,52,405164,2
1989,53,302219,1
1989,53,341309,2
1989,54,237263,1
1989,54,266450,2
1989,55,201486,1
1989,55,236385,2
1989,56,248080,1
1989,56,307450,2
1989,57,259637,1
1989,57,316730,2
1989,58,312694,1
1989,58,398160,2
1989,59,294377,1
1989,59,380545,2
1989,60,309841,1
1989,60,415195,2
1989,61,289783,1
1989,61,392852,2
1989,62,252197,1
1989,62,396793,2
1989,63,222412,1
1989,63,379047,2
1989,64,200714,1
1989,64,374278,2
1989,65,176425,1
1989,65,337763,2
1989,66,144950,1
1989,66,307433,2
1989,67,131395,1
1989,67,265449,2
1989,68,108535,1
1989,68,226483,2
1989,69,102297,1
1989,69,219660,2
1989,70,104614,1
1989,70,231430,2
1989,71,64816,1
1989,71,145290,2
1989,72,68603,1
1989,72,163322,2
1989,73,81736,1
1989,73,193466,2
1989,74,100189,1
1989,74,260239,2
1989,75,91415,1
1989,75,222941,2
1989,76,93374,1
1989,76,252503,2
1989,77,76578,1
1989,77,190244,2
1989,78,73652,1
1989,78,208216,2
1989,79,59937,1
1989,79,156056,2
1990,0,352522,1
1990,0,335605,2
1990,1,380267,1
1990,1,362021,2
1990,2,379354,1
1990,2,362989,2
1990,3,398030,1
1990,3,382896,2
1990,4,386286,1
1990,4,374139,2
1990,5,397974,1
1990,5,382253,2
1990,6,404597,1
1990,6,391306,2
1990,7,374984,1
1990,7,361085,2
1990,8,362209,1
1990,8,350422,2
1990,9,374491,1
1990,9,360813,2
1990,10,366802,1
1990,10,353209,2
1990,11,364897,1
1990,11,353218,2
1990,12,358238,1
1990,12,348047,2
1990,13,374567,1
1990,13,363691,2
1990,14,368090,1
1990,14,359195,2
1990,15,370365,1
1990,15,359739,2
1990,16,373279,1
1990,16,356708,2
1990,17,388531,1
1990,17,372229,2
1990,18,370674,1
1990,18,353298,2
1990,19,346604,1
1990,19,342551,2
1990,20,324792,1
1990,20,319683,2
1990,21,327289,1
1990,21,328804,2
1990,22,335241,1
1990,22,326939,2
1990,23,339661,1
1990,23,335874,2
1990,24,331750,1
1990,24,331207,2
1990,25,351303,1
1990,25,351115,2
1990,26,373741,1
1990,26,377202,2
1990,27,386329,1
1990,27,391416,2
1990,28,394856,1
1990,28,399436,2
1990,29,411831,1
1990,29,415661,2
1990,30,402297,1
1990,30,411428,2
1990,31,396902,1
1990,31,405249,2
1990,32,390979,1
1990,32,399770,2
1990,33,381487,1
1990,33,394305,2
1990,34,364733,1
1990,34,377968,2
1990,35,376286,1
1990,35,391994,2
1990,36,349901,1
1990,36,366551,2
1990,37,368623,1
1990,37,386077,2
1990,38,363619,1
1990,38,379263,2
1990,39,361510,1
1990,39,382355,2
1990,40,380440,1
1990,40,406468,2
1990,41,320468,1
1990,41,344694,2
1990,42,287632,1
1990,42,311224,2
1990,43,274546,1
1990,43,302055,2
1990,44,179601,1
1990,44,201856,2
1990,45,214931,1
1990,45,241642,2
1990,46,194441,1
1990,46,219606,2
1990,47,254314,1
1990,47,289885,2
1990,48,329383,1
1990,48,375044,2
1990,49,342436,1
1990,49,392971,2
1990,50,375421,1
1990,50,441018,2
1990,51,400020,1
1990,51,472350,2
1990,52,424131,1
1990,52,488750,2
1990,53,344653,1
1990,53,400038,2
1990,54,297453,1
1990,54,338658,2
1990,55,227760,1
1990,55,259023,2
1990,56,197711,1
1990,56,234948,2
1990,57,246548,1
1990,57,308934,2
1990,58,261294,1
1990,58,322269,2
1990,59,296344,1
1990,59,381177,2
1990,60,292886,1
1990,60,383248,2
1990,61,301355,1
1990,61,410137,2
1990,62,281255,1
1990,62,386798,2
1990,63,243509,1
1990,63,390404,2
1990,64,214022,1
1990,64,372572,2
1990,65,194055,1
1990,65,369345,2
1990,66,166625,1
1990,66,326580,2
1990,67,138869,1
1990,67,301648,2
1990,68,125330,1
1990,68,258182,2
1990,69,103161,1
1990,69,219641,2
1990,70,100962,1
1990,70,227952,2
1990,71,89877,1
1990,71,192789,2
1990,72,64494,1
1990,72,153160,2
1990,73,64610,1
1990,73,157870,2
1990,74,76812,1
1990,74,186416,2
1990,75,93266,1
1990,75,249580,2
1990,76,84161,1
1990,76,209710,2
1990,77,85727,1
1990,77,238935,2
1990,78,69153,1
1990,78,187615,2
1990,79,67044,1
1990,79,170551,2
1991,0,333778,1
1991,0,317211,2
1991,1,352870,1
1991,1,336108,2
1991,2,380815,1
1991,2,362501,2
1991,3,380973,1
1991,3,364403,2
1991,4,399856,1
1991,4,384603,2
1991,5,388243,1
1991,5,375319,2
1991,6,399552,1
1991,6,383697,2
1991,7,406417,1
1991,7,392458,2
1991,8,376274,1
1991,8,361647,2
1991,9,363290,1
1991,9,351469,2
1991,10,375371,1
1991,10,361698,2
1991,11,366655,1
1991,11,353101,2
1991,12,364744,1
1991,12,353271,2
1991,13,357746,1
1991,13,347474,2
1991,14,374246,1
1991,14,363743,2
1991,15,370713,1
1991,15,361873,2
1991,16,370474,1
1991,16,360509,2
1991,17,373295,1
1991,17,359332,2
1991,18,380980,1
1991,18,370949,2
1991,19,365630,1
1991,19,353121,2
1991,20,347904,1
1991,20,344178,2
1991,21,327608,1
1991,21,320938,2
1991,22,328031,1
1991,22,329505,2
1991,23,334884,1
1991,23,327443,2
1991,24,338821,1
1991,24,336697,2
1991,25,331477,1
1991,25,332455,2
1991,26,350885,1
1991,26,351914,2
1991,27,372955,1
1991,27,377976,2
1991,28,385121,1
1991,28,391793,2
1991,29,394029,1
1991,29,400022,2
1991,30,411047,1
1991,30,416588,2
1991,31,400217,1
1991,31,411682,2
1991,32,395306,1
1991,32,405736,2
1991,33,388920,1
1991,33,399299,2
1991,34,380121,1
1991,34,394509,2
1991,35,362767,1
1991,35,377784,2
1991,36,374288,1
1991,36,391859,2
1991,37,347532,1
1991,37,366061,2
1991,38,366680,1
1991,38,385506,2
1991,39,361933,1
1991,39,379271,2
1991,40,359788,1
1991,40,382165,2
1991,41,378105,1
1991,41,405966,2
1991,42,318195,1
1991,42,344012,2
1991,43,285548,1
1991,43,310646,2
1991,44,272612,1
1991,44,301801,2
1991,45,178667,1
1991,45,201725,2
1991,46,213481,1
1991,46,241270,2
1991,47,192795,1
1991,47,219183,2
1991,48,251903,1
1991,48,289080,2
1991,49,326270,1
1991,49,374326,2
1991,50,338858,1
1991,50,392104,2
1991,51,370975,1
1991,51,439450,2
1991,52,394807,1
1991,52,470134,2
1991,53,418136,1
1991,53,486483,2
1991,54,339568,1
1991,54,397967,2
1991,55,292512,1
1991,55,336935,2
1991,56,223704,1
1991,56,257476,2
1991,57,193666,1
1991,57,232738,2
1991,58,241037,1
1991,58,305978,2
1991,59,255486,1
1991,59,318779,2
1991,60,289975,1
1991,60,378497,2
1991,61,284799,1
1991,61,378214,2
1991,62,292726,1
1991,62,404468,2
1991,63,272791,1
1991,63,381250,2
1991,64,235181,1
1991,64,384081,2
1991,65,206176,1
1991,65,366123,2
1991,66,186403,1
1991,66,361951,2
1991,67,159570,1
1991,67,319453,2
1991,68,132673,1
1991,68,294555,2
1991,69,119385,1
1991,69,251871,2
1991,70,97838,1
1991,70,213251,2
1991,71,95210,1
1991,71,219843,2
1991,72,84645,1
1991,72,187088,2
1991,73,60080,1
1991,73,146227,2
1991,74,60053,1
1991,74,150659,2
1991,75,71019,1
1991,75,177005,2
1991,76,85579,1
1991,76,236197,2
1991,77,76807,1
1991,77,197261,2
1991,78,77666,1
1991,78,223593,2
1991,79,62137,1
1991,79,173689,2
1992,0,323446,1
1992,0,306206,2
1992,1,334189,1
1992,1,317853,2
1992,2,353785,1
1992,2,336926,2
1992,3,381403,1
1992,3,363292,2
1992,4,382792,1
1992,4,365966,2
1992,5,401783,1
1992,5,386492,2
1992,6,390194,1
1992,6,376972,2
1992,7,401494,1
1992,7,385380,2
1992,8,408323,1
1992,8,393959,2
1992,9,377838,1
1992,9,362668,2
1992,10,364622,1
1992,10,352761,2
1992,11,376444,1
1992,11,362966,2
1992,12,366726,1
1992,12,353449,2
1992,13,364807,1
1992,13,353629,2
1992,14,357491,1
1992,14,347551,2
1992,15,374181,1
1992,15,365206,2
1992,16,369112,1
1992,16,361197,2
1992,17,367363,1
1992,17,359998,2
1992,18,368554,1
1992,18,357441,2
1992,19,377177,1
1992,19,370050,2
1992,20,366423,1
1992,20,353665,2
1992,21,349032,1
1992,21,345047,2
1992,22,327609,1
1992,22,321929,2
1992,23,328258,1
1992,23,330376,2
1992,24,334025,1
1992,24,328389,2
1992,25,339005,1
1992,25,337935,2
1992,26,332130,1
1992,26,334073,2
1992,27,351417,1
1992,27,353376,2
1992,28,373653,1
1992,28,379356,2
1992,29,385500,1
1992,29,393096,2
1992,30,394986,1
1992,30,402092,2
1992,31,411657,1
1992,31,418652,2
1992,32,400183,1
1992,32,412778,2
1992,33,395446,1
1992,33,407149,2
1992,34,388456,1
1992,34,400239,2
1992,35,380023,1
1992,35,395893,2
1992,36,362359,1
1992,36,378668,2
1992,37,373866,1
1992,37,392693,2
1992,38,346571,1
1992,38,366357,2
1992,39,365599,1
1992,39,385950,2
1992,40,361097,1
1992,40,380153,2
1992,41,358791,1
1992,41,382769,2
1992,42,376598,1
1992,42,406294,2
1992,43,316296,1
1992,43,343736,2
1992,44,283821,1
1992,44,310586,2
1992,45,270898,1
1992,45,301790,2
1992,46,177521,1
1992,46,201717,2
1992,47,211414,1
1992,47,240828,2
1992,48,190735,1
1992,48,218674,2
1992,49,249195,1
1992,49,288270,2
1992,50,322887,1
1992,50,374041,2
1992,51,335262,1
1992,51,391603,2
1992,52,366494,1
1992,52,438301,2
1992,53,389437,1
1992,53,468282,2
1992,54,411817,1
1992,54,484357,2
1992,55,333977,1
1992,55,396204,2
1992,56,287236,1
1992,56,335125,2
1992,57,219356,1
1992,57,255931,2
1992,58,189212,1
1992,58,230564,2
1992,59,235274,1
1992,59,303124,2
1992,60,249199,1
1992,60,315467,2
1992,61,283333,1
1992,61,375918,2
1992,62,276023,1
1992,62,373128,2
1992,63,283544,1
1992,63,398838,2
1992,64,263811,1
1992,64,375550,2
1992,65,226511,1
1992,65,377590,2
1992,66,197956,1
1992,66,359213,2
1992,67,178090,1
1992,67,353847,2
1992,68,151766,1
1992,68,311860,2
1992,69,126084,1
1992,69,286628,2
1992,70,112974,1
1992,70,244720,2
1992,71,92072,1
1992,71,206069,2
1992,72,89214,1
1992,72,211005,2
1992,73,79054,1
1992,73,180936,2
1992,74,55534,1
1992,74,138758,2
1992,75,55279,1
1992,75,143086,2
1992,76,64846,1
1992,76,167408,2
1992,77,77748,1
1992,77,222325,2
1992,78,69284,1
1992,78,184061,2
1992,79,69543,1
1992,79,207501,2
1993,0,304090,1
1993,0,289309,2
1993,1,324756,1
1993,1,307991,2
1993,2,337063,1
1993,2,320814,2
1993,3,356329,1
1993,3,339812,2
1993,4,383551,1
1993,4,365980,2
1993,5,386321,1
1993,5,369634,2
1993,6,405467,1
1993,6,390279,2
1993,7,393759,1
1993,7,380530,2
1993,8,404708,1
1993,8,389006,2
1993,9,411584,1
1993,9,397189,2
1993,10,380618,1
1993,10,365332,2
1993,11,367179,1
1993,11,355482,2
1993,12,378614,1
1993,12,365521,2
1993,13,367904,1
1993,13,355224,2
1993,14,365882,1
1993,14,355517,2
1993,15,358845,1
1993,15,350736,2
1993,16,374833,1
1993,16,367608,2
1993,17,367295,1
1993,17,366294,2
1993,18,365774,1
1993,18,362271,2
1993,19,366005,1
1993,19,356784,2
1993,20,378656,1
1993,20,369548,2
1993,21,369513,1
1993,21,354731,2
1993,22,351533,1
1993,22,344673,2
1993,23,329051,1
1993,23,322407,2
1993,24,330246,1
1993,24,331868,2
1993,25,335118,1
1993,25,330453,2
1993,26,340457,1
1993,26,340440,2
1993,27,334105,1
1993,27,336926,2
1993,28,352901,1
1993,28,356339,2
1993,29,375046,1
1993,29,382508,2
1993,30,387204,1
1993,30,396821,2
1993,31,396771,1
1993,31,405776,2
1993,32,413373,1
1993,32,422398,2
1993,33,401164,1
1993,33,415598,2
1993,34,396591,1
1993,34,410205,2
1993,35,388837,1
1993,35,402646,2
1993,36,380642,1
1993,36,398637,2
1993,37,362400,1
1993,37,380663,2
1993,38,373992,1
1993,38,394754,2
1993,39,346088,1
1993,39,367953,2
1993,40,364696,1
1993,40,387656,2
1993,41,360671,1
1993,41,382215,2
1993,42,358210,1
1993,42,384295,2
1993,43,375227,1
1993,43,407537,2
1993,44,314898,1
1993,44,344436,2
1993,45,282510,1
1993,45,311054,2
1993,46,269846,1
1993,46,302404,2
1993,47,176357,1
1993,47,202032,2
1993,48,209575,1
1993,48,240586,2
1993,49,188784,1
1993,49,218277,2
1993,50,246537,1
1993,50,287906,2
1993,51,319573,1
1993,51,374031,2
1993,52,331475,1
1993,52,391443,2
1993,53,361419,1
1993,53,437339,2
1993,54,383329,1
1993,54,466550,2
1993,55,405061,1
1993,55,482534,2
1993,56,328283,1
1993,56,394410,2
1993,57,281700,1
1993,57,333335,2
1993,58,214753,1
1993,58,254111,2
1993,59,184723,1
1993,59,228070,2
1993,60,229156,1
1993,60,299757,2
1993,61,242428,1
1993,61,311696,2
1993,62,275883,1
1993,62,372345,2
1993,63,266672,1
1993,63,367469,2
1993,64,273448,1
1993,64,392463,2
1993,65,253711,1
1993,65,368766,2
1993,66,217365,1
1993,66,370156,2
1993,67,188832,1
1993,67,351539,2
1993,68,169545,1
1993,68,344906,2
1993,69,143809,1
1993,69,303075,2
1993,70,119165,1
1993,70,277678,2
1993,71,106334,1
1993,71,236840,2
1993,72,86341,1
1993,72,198123,2
1993,73,82953,1
1993,73,201636,2
1993,74,73529,1
1993,74,173909,2
1993,75,51188,1
1993,75,131008,2
1993,76,50586,1
1993,76,134712,2
1993,77,58893,1
1993,77,156912,2
1993,78,70005,1
1993,78,206922,2
1993,79,61787,1
1993,79,170097,2
1994,0,285432,1
1994,0,271320,2
1994,1,303171,1
1994,1,288476,2
1994,2,324720,1
1994,2,308220,2
1994,3,337636,1
1994,3,321312,2
1994,4,356740,1
1994,4,340226,2
1994,5,383504,1
1994,5,365947,2
1994,6,387518,1
1994,6,370667,2
1994,7,407022,1
1994,7,391539,2
1994,8,395274,1
1994,8,381709,2
1994,9,406042,1
1994,9,390219,2
1994,10,413040,1
1994,10,398116,2
1994,11,381542,1
1994,11,365915,2
1994,12,368044,1
1994,12,356304,2
1994,13,379275,1
1994,13,366153,2
1994,14,367537,1
1994,14,355060,2
1994,15,365995,1
1994,15,356128,2
1994,16,358077,1
1994,16,350530,2
1994,17,372915,1
1994,17,365725,2
1994,18,365643,1
1994,18,364649,2
1994,19,363223,1
1994,19,359763,2
1994,20,364647,1
1994,20,354307,2
1994,21,376790,1
1994,21,366861,2
1994,22,365740,1
1994,22,352686,2
1994,23,349496,1
1994,23,343939,2
1994,24,326750,1
1994,24,322201,2
1994,25,328226,1
1994,25,331402,2
1994,26,332717,1
1994,26,330192,2
1994,27,338847,1
1994,27,340503,2
1994,28,333120,1
1994,28,337397,2
1994,29,351654,1
1994,29,356848,2
1994,30,374038,1
1994,30,382963,2
1994,31,385887,1
1994,31,397323,2
1994,32,395856,1
1994,32,406593,2
1994,33,412473,1
1994,33,423441,2
1994,34,399429,1
1994,34,415760,2
1994,35,395269,1
1994,35,410803,2
1994,36,386591,1
1994,36,402624,2
1994,37,379013,1
1994,37,399060,2
1994,38,360446,1
1994,38,380590,2
1994,39,371649,1
1994,39,394690,2
1994,40,343347,1
1994,40,367480,2
1994,41,361623,1
1994,41,387091,2
1994,42,357961,1
1994,42,382236,2
1994,43,355318,1
1994,43,384000,2
1994,44,371822,1
1994,44,406697,2
1994,45,311344,1
1994,45,343329,2
1994,46,279184,1
1994,46,310159,2
1994,47,266421,1
1994,47,301662,2
1994,48,173973,1
1994,48,201549,2
1994,49,206497,1
1994,49,239632,2
1994,50,185685,1
1994,50,217315,2
1994,51,242379,1
1994,51,286557,2
1994,52,314173,1
1994,52,372712,2
1994,53,325828,1
1994,53,389889,2
1994,54,354404,1
1994,54,435027,2
1994,55,375446,1
1994,55,463545,2
1994,56,396494,1
1994,56,479300,2
1994,57,320752,1
1994,57,391222,2
1994,58,274551,1
1994,58,330451,2
1994,59,208923,1
1994,59,251561,2
1994,60,179135,1
1994,60,225036,2
1994,61,222058,1
1994,61,295789,2
1994,62,234379,1
1994,62,307126,2
1994,63,267080,1
1994,63,368097,2
1994,64,255929,1
1994,64,360725,2
1994,65,261679,1
1994,65,384930,2
1994,66,242007,1
1994,66,361153,2
1994,67,206723,1
1994,67,361355,2
1994,68,179104,1
1994,68,342626,2
1994,69,160018,1
1994,69,334709,2
1994,70,135180,1
1994,70,293419,2
1994,71,111461,1
1994,71,267749,2
1994,72,99135,1
1994,72,227900,2
1994,73,80116,1
1994,73,189488,2
1994,74,76297,1
1994,74,191200,2
1994,75,67256,1
1994,75,165732,2
1994,76,46401,1
1994,76,122656,2
1994,77,45627,1
1994,77,125665,2
1994,78,52558,1
1994,78,145292,2
1994,79,61874,1
1994,79,190419,2
1995,0,264999,1
1995,0,250881,2
1995,1,282728,1
1995,1,269050,2
1995,2,301325,1
1995,2,286640,2
1995,3,322937,1
1995,3,306621,2
1995,4,336324,1
1995,4,320094,2
1995,5,355133,1
1995,5,338489,2
1995,6,381270,1
1995,6,363951,2
1995,7,386555,1
1995,7,369783,2
1995,8,406583,1
1995,8,390814,2
1995,9,394892,1
1995,9,381012,2
1995,10,405590,1
1995,10,389577,2
1995,11,412724,1
1995,11,397363,2
1995,12,380977,1
1995,12,364926,2
1995,13,367630,1
1995,13,355837,2
1995,14,378468,1
1995,14,365485,2
1995,15,365790,1
1995,15,353928,2
1995,16,364008,1
1995,16,354636,2
1995,17,353787,1
1995,17,347275,2
1995,18,370531,1
1995,18,363613,2
1995,19,363353,1
1995,19,361573,2
1995,20,361515,1
1995,20,356396,2
1995,21,361085,1
1995,21,350406,2
1995,22,371466,1
1995,22,361746,2
1995,23,361073,1
1995,23,349189,2
1995,24,346558,1
1995,24,341636,2
1995,25,323306,1
1995,25,320005,2
1995,26,325299,1
1995,26,329028,2
1995,27,328780,1
1995,27,327839,2
1995,28,335324,1
1995,28,338452,2
1995,29,330000,1
1995,29,335578,2
1995,30,348135,1
1995,30,354842,2
1995,31,370585,1
1995,31,381030,2
1995,32,381967,1
1995,32,395382,2
1995,33,392688,1
1995,33,405244,2
1995,34,409141,1
1995,34,422063,2
1995,35,395438,1
1995,35,413698,2
1995,36,391605,1
1995,36,409367,2
1995,37,382141,1
1995,37,400655,2
1995,38,375108,1
1995,38,397657,2
1995,39,356211,1
1995,39,378760,2
1995,40,366985,1
1995,40,392701,2
1995,41,338793,1
1995,41,365359,2
1995,42,356515,1
1995,42,384802,2
1995,43,353204,1
1995,43,380596,2
1995,44,350558,1
1995,44,382193,2
1995,45,366059,1
1995,45,404425,2
1995,46,306386,1
1995,46,341017,2
1995,47,274290,1
1995,47,307905,2
1995,48,261590,1
1995,48,299820,2
1995,49,170755,1
1995,49,200335,2
1995,50,202355,1
1995,50,237874,2
1995,51,182015,1
1995,51,215933,2
1995,52,237245,1
1995,52,284336,2
1995,53,307444,1
1995,53,370264,2
1995,54,318699,1
1995,54,387022,2
1995,55,345932,1
1995,55,431039,2
1995,56,366257,1
1995,56,458768,2
1995,57,385897,1
1995,57,474187,2
1995,58,311679,1
1995,58,386677,2
1995,59,266392,1
1995,59,326221,2
1995,60,201835,1
1995,60,248014,2
1995,61,172572,1
1995,61,221408,2
1995,62,213872,1
1995,62,290765,2
1995,63,225427,1
1995,63,301594,2
1995,64,257201,1
1995,64,362546,2
1995,65,244176,1
1995,65,352670,2
1995,66,249257,1
1995,66,375850,2
1995,67,229704,1
1995,67,352061,2
1995,68,195001,1
1995,68,351172,2
1995,69,168800,1
1995,69,332133,2
1995,70,149839,1
1995,70,322754,2
1995,71,126176,1
1995,71,282282,2
1995,72,103450,1
1995,72,256215,2
1995,73,91806,1
1995,73,217843,2
1995,74,73765,1
1995,74,179803,2
1995,75,69499,1
1995,75,179504,2
1995,76,61195,1
1995,76,156439,2
1995,77,41808,1
1995,77,113371,2
1995,78,40625,1
1995,78,115971,2
1995,79,46474,1
1995,79,132742,2
1996,0,250479,1
1996,0,236676,2
1996,1,263180,1
1996,1,249512,2
1996,2,281100,1
1996,2,267414,2
1996,3,299949,1
1996,3,285344,2
1996,4,321683,1
1996,4,305396,2
1996,5,335594,1
1996,5,319309,2
1996,6,353807,1
1996,6,337163,2
1996,7,379412,1
1996,7,362256,2
1996,8,385840,1
1996,8,368925,2
1996,9,406427,1
1996,9,390389,2
1996,10,394652,1
1996,10,380500,2
1996,11,405397,1
1996,11,389242,2
1996,12,412510,1
1996,12,396778,2
1996,13,380570,1
1996,13,364009,2
1996,14,367145,1
1996,14,355330,2
1996,15,377661,1
1996,15,364968,2
1996,16,363860,1
1996,16,352346,2
1996,17,360430,1
1996,17,351477,2
1996,18,352000,1
1996,18,345168,2
1996,19,368454,1
1996,19,361534,2
1996,20,362455,1
1996,20,359317,2
1996,21,359047,1
1996,21,353446,2
1996,22,356200,1
1996,22,346177,2
1996,23,366709,1
1996,23,358266,2
1996,24,357901,1
1996,24,347047,2
1996,25,344876,1
1996,25,340401,2
1996,26,320834,1
1996,26,318542,2
1996,27,323321,1
1996,27,327110,2
1996,28,325520,1
1996,28,326103,2
1996,29,332680,1
1996,29,336787,2
1996,30,327518,1
1996,30,334323,2
1996,31,345120,1
1996,31,353296,2
1996,32,367531,1
1996,32,379417,2
1996,33,378667,1
1996,33,393604,2
1996,34,389681,1
1996,34,404158,2
1996,35,405822,1
1996,35,420780,2
1996,36,391428,1
1996,36,411739,2
1996,37,387957,1
1996,37,407895,2
1996,38,377833,1
1996,38,398588,2
1996,39,371267,1
1996,39,396033,2
1996,40,351739,1
1996,40,376835,2
1996,41,362150,1
1996,41,390820,2
1996,42,333872,1
1996,42,363236,2
1996,43,351230,1
1996,43,382520,2
1996,44,348165,1
1996,44,378898,2
1996,45,345154,1
1996,45,380194,2
1996,46,360270,1
1996,46,401970,2
1996,47,301201,1
1996,47,338513,2
1996,48,269204,1
1996,48,305508,2
1996,49,256544,1
1996,49,297798,2
1996,50,166947,1
1996,50,198840,2
1996,51,197974,1
1996,51,236160,2
1996,52,177897,1
1996,52,214184,2
1996,53,231583,1
1996,53,281956,2
1996,54,300051,1
1996,54,367402,2
1996,55,310641,1
1996,55,383745,2
1996,56,336827,1
1996,56,426999,2
1996,57,355797,1
1996,57,453658,2
1996,58,374633,1
1996,58,468527,2
1996,59,302140,1
1996,59,381818,2
1996,60,257036,1
1996,60,321703,2
1996,61,194562,1
1996,61,244322,2
1996,62,165776,1
1996,62,217421,2
1996,63,205052,1
1996,63,285364,2
1996,64,215510,1
1996,64,295504,2
1996,65,246428,1
1996,65,356327,2
1996,66,231857,1
1996,66,344131,2
1996,67,236227,1
1996,67,366263,2
1996,68,216780,1
1996,68,342638,2
1996,69,183382,1
1996,69,340425,2
1996,70,158068,1
1996,70,320928,2
1996,71,139584,1
1996,71,310284,2
1996,72,116814,1
1996,72,270418,2
1996,73,95456,1
1996,73,244294,2
1996,74,84494,1
1996,74,207160,2
1996,75,67286,1
1996,75,169757,2
1996,76,62828,1
1996,76,167799,2
1996,77,55120,1
1996,77,146920,2
1996,78,37072,1
1996,78,103992,2
1996,79,35788,1
1996,79,105970,2
1997,0,238069,1
1997,0,223722,2
1997,1,249187,1
1997,1,235812,2
1997,2,261996,1
1997,2,248321,2
1997,3,279237,1
1997,3,265608,2
1997,4,298517,1
1997,4,283960,2
1997,5,320106,1
1997,5,304016,2
1997,6,334347,1
1997,6,318052,2
1997,7,352098,1
1997,7,335640,2
1997,8,377330,1
1997,8,360063,2
1997,9,384894,1
1997,9,367810,2
1997,10,405921,1
1997,10,389593,2
1997,11,394136,1
1997,11,379739,2
1997,12,404820,1
1997,12,388483,2
1997,13,412112,1
1997,13,396023,2
1997,14,379873,1
1997,14,362874,2
1997,15,366407,1
1997,15,354636,2
1997,16,376428,1
1997,16,363989,2
1997,17,360852,1
1997,17,349730,2
1997,18,359320,1
1997,18,349844,2
1997,19,349945,1
1997,19,342511,2
1997,20,367624,1
1997,20,359133,2
1997,21,360415,1
1997,21,356512,2
1997,22,354868,1
1997,22,349225,2
1997,23,351351,1
1997,23,342443,2
1997,24,361829,1
1997,24,354659,2
1997,25,353853,1
1997,25,344898,2
1997,26,342434,1
1997,26,338975,2
1997,27,317662,1
1997,27,316833,2
1997,28,320799,1
1997,28,325092,2
1997,29,321728,1
1997,29,323808,2
1997,30,329313,1
1997,30,334698,2
1997,31,324398,1
1997,31,332722,2
1997,32,341593,1
1997,32,351500,2
1997,33,363853,1
1997,33,377541,2
1997,34,374596,1
1997,34,391244,2
1997,35,386046,1
1997,35,402586,2
1997,36,401932,1
1997,36,419094,2
1997,37,387130,1
1997,37,409420,2
1997,38,383647,1
1997,38,406001,2
1997,39,372784,1
1997,39,396131,2
1997,40,366600,1
1997,40,394175,2
1997,41,346904,1
1997,41,374585,2
1997,42,357193,1
1997,42,388550,2
1997,43,328697,1
1997,43,360718,2
1997,44,345604,1
1997,44,379875,2
1997,45,342597,1
1997,45,376774,2
1997,46,339726,1
1997,46,377827,2
1997,47,354059,1
1997,47,399210,2
1997,48,295479,1
1997,48,335628,2
1997,49,263790,1
1997,49,302902,2
1997,50,250661,1
1997,50,295428,2
1997,51,163297,1
1997,51,197352,2
1997,52,193327,1
1997,52,234231,2
1997,53,173589,1
1997,53,212407,2
1997,54,225687,1
1997,54,279273,2
1997,55,292462,1
1997,55,364181,2
1997,56,302482,1
1997,56,380204,2
1997,57,327290,1
1997,57,422376,2
1997,58,344936,1
1997,58,447954,2
1997,59,362915,1
1997,59,462538,2
1997,60,291737,1
1997,60,376430,2
1997,61,247569,1
1997,61,316832,2
1997,62,186949,1
1997,62,240264,2
1997,63,158681,1
1997,63,213238,2
1997,64,196121,1
1997,64,279548,2
1997,65,205564,1
1997,65,289106,2
1997,66,235986,1
1997,66,349838,2
1997,67,219788,1
1997,67,335044,2
1997,68,222757,1
1997,68,355970,2
1997,69,203737,1
1997,69,332495,2
1997,70,171692,1
1997,70,328968,2
1997,71,147558,1
1997,71,309368,2
1997,72,129220,1
1997,72,297473,2
1997,73,107733,1
1997,73,257993,2
1997,74,87658,1
1997,74,231812,2
1997,75,77429,1
1997,75,196021,2
1997,76,60936,1
1997,76,159563,2
1997,77,56339,1
1997,77,155687,2
1997,78,49405,1
1997,78,137121,2
1997,79,32638,1
1997,79,94792,2
1998,0,224714,1
1998,0,212900,2
1998,1,237505,1
1998,1,223809,2
1998,2,248608,1
1998,2,235542,2
1998,3,261033,1
1998,3,247378,2
1998,4,277710,1
1998,4,264187,2
1998,5,297276,1
1998,5,282789,2
1998,6,318874,1
1998,6,302854,2
1998,7,333454,1
1998,7,317267,2
1998,8,350896,1
1998,8,334342,2
1998,9,375563,1
1998,9,358398,2
1998,10,384339,1
1998,10,367028,2
1998,11,405720,1
1998,11,389181,2
1998,12,393892,1
1998,12,379267,2
1998,13,404495,1
1998,13,388020,2
1998,14,412075,1
1998,14,395419,2
1998,15,379424,1
1998,15,362006,2
1998,16,365695,1
1998,16,354030,2
1998,17,374872,1
1998,17,362434,2
1998,18,359830,1
1998,18,348084,2
1998,19,357636,1
1998,19,347888,2
1998,20,347654,1
1998,20,340368,2
1998,21,365435,1
1998,21,357341,2
1998,22,356995,1
1998,22,353538,2
1998,23,351538,1
1998,23,346533,2
1998,24,347120,1
1998,24,339451,2
1998,25,357026,1
1998,25,351849,2
1998,26,350310,1
1998,26,343290,2
1998,27,340681,1
1998,27,338236,2
1998,28,315324,1
1998,28,315687,2
1998,29,319027,1
1998,29,323503,2
1998,30,318895,1
1998,30,322320,2
1998,31,326797,1
1998,31,333326,2
1998,32,322040,1
1998,32,331625,2
1998,33,338725,1
1998,33,349880,2
1998,34,360666,1
1998,34,376074,2
1998,35,371196,1
1998,35,389436,2
1998,36,382934,1
1998,36,401463,2
1998,37,398671,1
1998,37,417894,2
1998,38,383125,1
1998,38,407409,2
1998,39,379873,1
1998,39,404516,2
1998,40,368155,1
1998,40,393962,2
1998,41,362727,1
1998,41,392678,2
1998,42,342436,1
1998,42,372671,2
1998,43,352562,1
1998,43,386635,2
1998,44,323903,1
1998,44,358395,2
1998,45,340126,1
1998,45,377447,2
1998,46,337762,1
1998,46,374990,2
1998,47,334591,1
1998,47,375670,2
1998,48,348260,1
1998,48,396513,2
1998,49,290000,1
1998,49,333056,2
1998,50,258468,1
1998,50,300566,2
1998,51,245677,1
1998,51,293406,2
1998,52,159977,1
1998,52,196022,2
1998,53,188792,1
1998,53,232334,2
1998,54,169379,1
1998,54,210620,2
1998,55,219931,1
1998,55,276590,2
1998,56,285307,1
1998,56,361168,2
1998,57,294716,1
1998,57,376742,2
1998,58,318180,1
1998,58,417855,2
1998,59,334641,1
1998,59,442494,2
1998,60,350429,1
1998,60,456529,2
1998,61,281735,1
1998,61,371202,2
1998,62,238582,1
1998,62,312157,2
1998,63,179523,1
1998,63,236264,2
1998,64,151914,1
1998,64,208937,2
1998,65,187402,1
1998,65,273776,2
1998,66,196051,1
1998,66,282808,2
1998,67,225384,1
1998,67,343153,2
1998,68,207739,1
1998,68,326060,2
1998,69,209963,1
1998,69,345612,2
1998,70,191285,1
1998,70,321959,2
1998,71,160457,1
1998,71,317361,2
1998,72,137343,1
1998,72,297272,2
1998,73,119446,1
1998,73,284518,2
1998,74,99180,1
1998,74,245616,2
1998,75,80041,1
1998,75,219007,2
1998,76,70647,1
1998,76,184662,2
1998,77,55016,1
1998,77,148957,2
1998,78,50269,1
1998,78,143335,2
1998,79,44103,1
1998,79,127499,2
1999,0,212834,1
1999,0,202058,2
1999,1,223148,1
1999,1,211842,2
1999,2,237507,1
1999,2,224340,2
1999,3,248102,1
1999,3,235317,2
1999,4,259867,1
1999,4,246405,2
1999,5,276106,1
1999,5,262716,2
1999,6,296011,1
1999,6,281616,2
1999,7,317589,1
1999,7,301600,2
1999,8,332602,1
1999,8,316225,2
1999,9,349501,1
1999,9,333073,2
1999,10,373659,1
1999,10,356465,2
1999,11,383733,1
1999,11,366169,2
1999,12,405404,1
1999,12,388543,2
1999,13,393580,1
1999,13,378606,2
1999,14,403923,1
1999,14,387478,2
1999,15,411777,1
1999,15,394803,2
1999,16,378743,1
1999,16,360996,2
1999,17,364473,1
1999,17,352884,2
1999,18,374121,1
1999,18,361654,2
1999,19,358012,1
1999,19,345813,2
1999,20,355568,1
1999,20,346004,2
1999,21,344823,1
1999,21,338107,2
1999,22,362256,1
1999,22,354337,2
1999,23,354568,1
1999,23,350990,2
1999,24,348177,1
1999,24,343895,2
1999,25,342678,1
1999,25,336573,2
1999,26,352235,1
1999,26,349013,2
1999,27,346487,1
1999,27,341544,2
1999,28,338445,1
1999,28,337153,2
1999,29,313048,1
1999,29,314443,2
1999,30,317107,1
1999,30,322053,2
1999,31,316070,1
1999,31,320620,2
1999,32,324045,1
1999,32,331880,2
1999,33,319649,1
1999,33,330296,2
1999,34,335727,1
1999,34,348274,2
1999,35,357536,1
1999,35,374428,2
1999,36,367851,1
1999,36,387421,2
1999,37,379908,1
1999,37,400159,2
1999,38,395349,1
1999,38,416575,2
1999,39,379223,1
1999,39,405286,2
1999,40,375928,1
1999,40,402861,2
1999,41,363724,1
1999,41,391809,2
1999,42,358762,1
1999,42,391143,2
1999,43,338184,1
1999,43,370747,2
1999,44,347959,1
1999,44,384606,2
1999,45,319078,1
1999,45,356074,2
1999,46,334979,1
1999,46,374999,2
1999,47,332969,1
1999,47,373129,2
1999,48,329680,1
1999,48,373348,2
1999,49,342531,1
1999,49,393790,2
1999,50,284581,1
1999,50,330338,2
1999,51,253488,1
1999,51,298100,2
1999,52,241017,1
1999,52,291345,2
1999,53,156649,1
1999,53,194717,2
1999,54,184478,1
1999,54,230435,2
1999,55,165203,1
1999,55,208778,2
1999,56,214543,1
1999,56,273819,2
1999,57,278362,1
1999,57,358107,2
1999,58,287565,1
1999,58,373149,2
1999,59,309356,1
1999,59,413160,2
1999,60,324024,1
1999,60,436930,2
1999,61,338957,1
1999,61,450637,2
1999,62,272090,1
1999,62,365836,2
1999,63,230017,1
1999,63,307352,2
1999,64,172573,1
1999,64,232261,2
1999,65,145358,1
1999,65,204498,2
1999,66,178988,1
1999,66,267843,2
1999,67,186787,1
1999,67,276153,2
1999,68,215301,1
1999,68,336036,2
1999,69,196142,1
1999,69,316421,2
1999,70,197585,1
1999,70,334806,2
1999,71,179130,1
1999,71,310978,2
1999,72,149721,1
1999,72,305355,2
1999,73,127702,1
1999,73,284984,2
1999,74,110216,1
1999,74,270795,2
1999,75,91076,1
1999,75,232523,2
1999,76,72856,1
1999,76,206210,2
1999,77,63951,1
1999,77,173258,2
1999,78,49490,1
1999,78,138542,2
1999,79,44601,1
1999,79,131060,2
2000,0,198354,1
2000,0,186626,2
2000,1,211574,1
2000,1,201520,2
2000,2,222025,1
2000,2,210955,2
2000,3,237571,1
2000,3,224936,2
2000,4,247730,1
2000,4,235171,2
2000,5,258911,1
2000,5,245649,2
2000,6,274767,1
2000,6,261421,2
2000,7,295126,1
2000,7,280635,2
2000,8,316689,1
2000,8,300710,2
2000,9,332133,1
2000,9,315643,2
2000,10,348546,1
2000,10,332038,2
2000,11,372185,1
2000,11,355096,2
2000,12,383486,1
2000,12,365679,2
2000,13,405515,1
2000,13,388381,2
2000,14,393611,1
2000,14,378294,2
2000,15,403743,1
2000,15,387170,2
2000,16,411699,1
2000,16,394344,2
2000,17,378173,1
2000,17,359877,2
2000,18,364007,1
2000,18,352268,2
2000,19,373278,1
2000,19,360957,2
2000,20,356040,1
2000,20,344301,2
2000,21,353246,1
2000,21,344551,2
2000,22,342278,1
2000,22,336205,2
2000,23,359744,1
2000,23,352897,2
2000,24,351949,1
2000,24,349131,2
2000,25,344642,1
2000,25,341768,2
2000,26,337944,1
2000,26,334177,2
2000,27,347419,1
2000,27,346611,2
2000,28,342767,1
2000,28,340297,2
2000,29,336524,1
2000,29,336734,2
2000,30,310539,1
2000,30,313684,2
2000,31,315051,1
2000,31,320986,2
2000,32,313033,1
2000,32,319463,2
2000,33,321395,1
2000,33,330804,2
2000,34,317269,1
2000,34,329579,2
2000,35,332848,1
2000,35,347162,2
2000,36,354366,1
2000,36,373351,2
2000,37,364536,1
2000,37,385932,2
2000,38,376970,1
2000,38,399262,2
2000,39,392200,1
2000,39,415637,2
2000,40,375160,1
2000,40,403527,2
2000,41,372181,1
2000,41,401504,2
2000,42,359431,1
2000,42,389912,2
2000,43,354779,1
2000,43,389834,2
2000,44,333954,1
2000,44,369013,2
2000,45,343351,1
2000,45,382852,2
2000,46,314360,1
2000,46,353876,2
2000,47,329705,1
2000,47,372773,2
2000,48,328141,1
2000,48,371416,2
2000,49,324565,1
2000,49,371216,2
2000,50,336486,1
2000,50,391172,2
2000,51,279460,1
2000,51,327918,2
2000,52,248474,1
2000,52,295800,2
2000,53,236132,1
2000,53,289317,2
2000,54,153343,1
2000,54,193346,2
2000,55,179927,1
2000,55,228545,2
2000,56,161042,1
2000,56,206984,2
2000,57,208991,1
2000,57,271191,2
2000,58,271361,1
2000,58,355048,2
2000,59,279809,1
2000,59,369619,2
2000,60,299927,1
2000,60,408422,2
2000,61,313367,1
2000,61,431414,2
2000,62,327025,1
2000,62,444500,2
2000,63,262164,1
2000,63,360518,2
2000,64,221053,1
2000,64,302361,2
2000,65,165209,1
2000,65,227940,2
2000,66,138717,1
2000,66,199954,2
2000,67,170418,1
2000,67,261512,2
2000,68,177319,1
2000,68,269136,2
2000,69,204863,1
2000,69,328520,2
2000,70,184143,1
2000,70,306400,2
2000,71,184966,1
2000,71,323666,2
2000,72,167102,1
2000,72,299588,2
2000,73,138864,1
2000,73,292525,2
2000,74,117890,1
2000,74,272000,2
2000,75,100913,1
2000,75,256547,2
2000,76,82848,1
2000,76,219074,2
2000,77,65831,1
2000,77,192741,2
2000,78,57521,1
2000,78,161462,2
2000,79,44127,1
2000,79,127666,2
2001,0,197071,1
2001,0,184168,2
2001,1,198423,1
2001,1,187455,2
2001,2,210837,1
2001,2,201364,2
2001,3,220976,1
2001,3,210133,2
2001,4,237644,1
2001,4,225509,2
2001,5,247322,1
2001,5,235011,2
2001,6,257989,1
2001,6,244858,2
2001,7,273400,1
2001,7,260128,2
2001,8,294140,1
2001,8,279692,2
2001,9,315702,1
2001,9,299816,2
2001,10,331620,1
2001,10,315015,2
2001,11,347534,1
2001,11,331073,2
2001,12,370686,1
2001,12,353625,2
2001,13,383189,1
2001,13,365171,2
2001,14,405625,1
2001,14,388117,2
2001,15,393572,1
2001,15,377931,2
2001,16,403599,1
2001,16,386913,2
2001,17,411527,1
2001,17,393848,2
2001,18,377783,1
2001,18,358985,2
2001,19,363604,1
2001,19,351763,2
2001,20,372275,1
2001,20,360318,2
2001,21,353983,1
2001,21,342837,2
2001,22,350922,1
2001,22,343085,2
2001,23,339633,1
2001,23,334373,2
2001,24,357097,1
2001,24,351461,2
2001,25,349116,1
2001,25,347411,2
2001,26,340949,1
2001,26,339768,2
2001,27,333119,1
2001,27,331726,2
2001,28,342493,1
2001,28,344152,2
2001,29,338820,1
2001,29,339088,2
2001,30,334340,1
2001,30,336347,2
2001,31,308037,1
2001,31,312903,2
2001,32,313017,1
2001,32,319893,2
2001,33,309841,1
2001,33,318208,2
2001,34,318609,1
2001,34,329704,2
2001,35,314659,1
2001,35,328759,2
2001,36,329808,1
2001,36,345991,2
2001,37,351159,1
2001,37,372165,2
2001,38,360838,1
2001,38,384308,2
2001,39,373653,1
2001,39,398258,2
2001,40,388346,1
2001,40,414590,2
2001,41,370789,1
2001,41,401728,2
2001,42,367998,1
2001,42,400126,2
2001,43,354633,1
2001,43,387964,2
2001,44,350264,1
2001,44,388428,2
2001,45,328924,1
2001,45,367222,2
2001,46,338163,1
2001,46,380942,2
2001,47,309088,1
2001,47,351666,2
2001,48,323928,1
2001,48,370323,2
2001,49,322727,1
2001,49,369489,2
2001,50,318674,1
2001,50,368925,2
2001,51,330028,1
2001,51,388504,2
2001,52,273695,1
2001,52,325215,2
2001,53,243015,1
2001,53,293386,2
2001,54,230846,1
2001,54,287126,2
2001,55,149568,1
2001,55,191840,2
2001,56,175218,1
2001,56,226408,2
2001,57,156600,1
2001,57,204960,2
2001,58,202994,1
2001,58,268305,2
2001,59,263900,1
2001,59,351677,2
2001,60,271291,1
2001,60,365664,2
2001,61,289832,1
2001,61,403356,2
2001,62,301980,1
2001,62,425261,2
2001,63,314016,1
2001,63,437767,2
2001,64,251695,1
2001,64,354592,2
2001,65,211410,1
2001,65,296635,2
2001,66,157614,1
2001,66,223204,2
2001,67,131880,1
2001,67,194985,2
2001,68,161420,1
2001,68,254829,2
2001,69,167649,1
2001,69,261683,2
2001,70,194230,1
2001,70,320309,2
2001,71,171907,1
2001,71,295514,2
2001,72,171953,1
2001,72,311338,2
2001,73,154197,1
2001,73,287521,2
2001,74,128061,1
2001,74,278847,2
2001,75,108036,1
2001,75,257998,2
2001,76,91396,1
2001,76,241536,2
2001,77,74535,1
2001,77,204858,2
2001,78,58897,1
2001,78,178560,2
2001,79,51234,1
2001,79,149110,2
2002,0,183728,1
2002,0,174438,2
2002,1,197079,1
2002,1,185763,2
2002,2,198994,1
2002,2,188746,2
2002,3,211056,1
2002,3,201994,2
2002,4,221367,1
2002,4,211030,2
2002,5,238066,1
2002,5,226191,2
2002,6,247834,1
2002,6,235838,2
2002,7,257962,1
2002,7,244903,2
2002,8,273724,1
2002,8,260868,2
2002,9,294357,1
2002,9,279364,2
2002,10,316649,1
2002,10,300977,2
2002,11,332028,1
2002,11,315536,2
2002,12,346771,1
2002,12,330212,2
2002,13,370864,1
2002,13,354080,2
2002,14,384227,1
2002,14,365217,2
2002,15,405506,1
2002,15,388372,2
2002,16,393151,1
2002,16,377438,2
2002,17,404761,1
2002,17,387885,2
2002,18,411127,1
2002,18,392748,2
2002,19,374993,1
2002,19,355587,2
2002,20,362328,1
2002,20,350984,2
2002,21,369762,1
2002,21,358296,2
2002,22,351105,1
2002,22,340829,2
2002,23,347774,1
2002,23,340772,2
2002,24,336016,1
2002,24,331722,2
2002,25,354896,1
2002,25,350699,2
2002,26,344156,1
2002,26,343271,2
2002,27,337491,1
2002,27,337833,2
2002,28,327280,1
2002,28,328745,2
2002,29,336693,1
2002,29,340946,2
2002,30,334121,1
2002,30,337069,2
2002,31,330255,1
2002,31,333923,2
2002,32,305473,1
2002,32,312433,2
2002,33,310068,1
2002,33,318016,2
2002,34,306126,1
2002,34,316619,2
2002,35,315246,1
2002,35,328313,2
2002,36,311276,1
2002,36,327117,2
2002,37,327768,1
2002,37,346457,2
2002,38,349143,1
2002,38,372024,2
2002,39,356964,1
2002,39,382771,2
2002,40,369648,1
2002,40,396724,2
2002,41,385094,1
2002,41,414439,2
2002,42,366007,1
2002,42,399853,2
2002,43,363359,1
2002,43,398058,2
2002,44,349330,1
2002,44,385819,2
2002,45,344061,1
2002,45,385203,2
2002,46,324947,1
2002,46,366721,2
2002,47,331211,1
2002,47,376647,2
2002,48,303567,1
2002,48,348994,2
2002,49,319408,1
2002,49,369660,2
2002,50,316129,1
2002,50,366260,2
2002,51,312472,1
2002,51,366461,2
2002,52,323229,1
2002,52,386388,2
2002,53,261932,1
2002,53,313385,2
2002,54,240788,1
2002,54,295544,2
2002,55,221485,1
2002,55,279364,2
2002,56,146084,1
2002,56,190689,2
2002,57,171337,1
2002,57,225037,2
2002,58,153392,1
2002,58,204736,2
2002,59,200554,1
2002,59,270033,2
2002,60,258826,1
2002,60,350920,2
2002,61,264158,1
2002,61,365121,2
2002,62,282968,1
2002,62,401709,2
2002,63,291022,1
2002,63,418211,2
2002,64,301358,1
2002,64,429757,2
2002,65,240040,1
2002,65,344728,2
2002,66,200486,1
2002,66,287974,2
2002,67,147240,1
2002,67,213973,2
2002,68,126974,1
2002,68,194033,2
2002,69,153893,1
2002,69,248830,2
2002,70,161253,1
2002,70,260677,2
2002,71,183535,1
2002,71,311727,2
2002,72,160182,1
2002,72,285186,2
2002,73,159979,1
2002,73,298412,2
2002,74,141638,1
2002,74,276475,2
2002,75,116753,1
2002,75,263130,2
2002,76,98519,1
2002,76,244605,2
2002,77,82195,1
2002,77,224247,2
2002,78,66164,1
2002,78,189235,2
2002,79,52524,1
2002,79,163548,2
2003,0,199843,1
2003,0,187485,2
2003,1,191369,1
2003,1,180303,2
2003,2,196710,1
2003,2,185668,2
2003,3,198668,1
2003,3,188445,2
2003,4,209971,1
2003,4,201078,2
2003,5,219654,1
2003,5,209152,2
2003,6,237418,1
2003,6,225813,2
2003,7,246624,1
2003,7,234581,2
2003,8,256753,1
2003,8,243886,2
2003,9,271680,1
2003,9,258693,2
2003,10,292877,1
2003,10,278477,2
2003,11,314397,1
2003,11,298595,2
2003,12,330703,1
2003,12,314131,2
2003,13,346266,1
2003,13,329752,2
2003,14,368662,1
2003,14,351823,2
2003,15,382274,1
2003,15,364106,2
2003,16,405055,1
2003,16,387397,2
2003,17,393133,1
2003,17,377188,2
2003,18,402931,1
2003,18,386329,2
2003,19,411002,1
2003,19,392925,2
2003,20,376783,1
2003,20,357685,2
2003,21,362135,1
2003,21,350708,2
2003,22,370022,1
2003,22,359067,2
2003,23,350667,1
2003,23,340520,2
2003,24,347170,1
2003,24,340727,2
2003,25,335314,1
2003,25,331647,2
2003,26,352707,1
2003,26,349165,2
2003,27,344541,1
2003,27,344768,2
2003,28,335554,1
2003,28,336870,2
2003,29,326719,1
2003,29,328557,2
2003,30,335508,1
2003,30,341016,2
2003,31,333130,1
2003,31,337100,2
2003,32,330270,1
2003,32,335038,2
2003,33,303556,1
2003,33,311489,2
2003,34,308873,1
2003,34,317835,2
2003,35,304369,1
2003,35,316108,2
2003,36,313404,1
2003,36,327661,2
2003,37,309606,1
2003,37,326993,2
2003,38,323971,1
2003,38,343820,2
2003,39,344870,1
2003,39,369825,2
2003,40,353497,1
2003,40,381391,2
2003,41,366619,1
2003,41,395963,2
2003,42,380123,1
2003,42,412071,2
2003,43,362087,1
2003,43,398323,2
2003,44,359315,1
2003,44,397133,2
2003,45,344795,1
2003,45,384235,2
2003,46,340918,1
2003,46,385168,2
2003,47,318594,1
2003,47,363531,2
2003,48,327352,1
2003,48,376976,2
2003,49,298487,1
2003,49,347402,2
2003,50,311742,1
2003,50,365487,2
2003,51,310898,1
2003,51,364832,2
2003,52,306216,1
2003,52,363888,2
2003,53,316243,1
2003,53,382611,2
2003,54,261809,1
2003,54,319721,2
2003,55,231387,1
2003,55,288099,2
2003,56,219489,1
2003,56,281850,2
2003,57,141674,1
2003,57,188214,2
2003,58,165331,1
2003,58,221583,2
2003,59,147460,1
2003,59,200308,2
2003,60,189976,1
2003,60,261677,2
2003,61,246700,1
2003,61,343151,2
2003,62,252400,1
2003,62,356240,2
2003,63,268321,1
2003,63,391365,2
2003,64,278182,1
2003,64,411225,2
2003,65,288136,1
2003,65,422361,2
2003,66,230245,1
2003,66,341267,2
2003,67,191984,1
2003,67,284033,2
2003,68,142118,1
2003,68,212811,2
2003,69,117836,1
2003,69,184309,2
2003,70,143380,1
2003,70,240252,2
2003,71,147656,1
2003,71,245348,2
2003,72,171190,1
2003,72,300347,2
2003,73,147860,1
2003,73,272509,2
2003,74,147046,1
2003,74,285219,2
2003,75,130571,1
2003,75,261208,2
2003,76,107181,1
2003,76,250343,2
2003,77,89195,1
2003,77,229108,2
2003,78,74152,1
2003,78,210796,2
2003,79,59428,1
2003,79,175824,2
2004,0,208263,1
2004,0,197084,2
2004,1,199124,1
2004,1,186965,2
2004,2,190979,1
2004,2,179999,2
2004,3,196416,1
2004,3,185434,2
2004,4,198398,1
2004,4,188220,2
2004,5,209706,1
2004,5,200882,2
2004,6,219487,1
2004,6,208905,2
2004,7,237154,1
2004,7,225572,2
2004,8,246357,1
2004,8,234412,2
2004,9,256497,1
2004,9,243634,2
2004,10,271428,1
2004,10,258466,2
2004,11,292600,1
2004,11,278266,2
2004,12,314109,1
2004,12,298295,2
2004,13,330399,1
2004,13,313882,2
2004,14,345912,1
2004,14,329456,2
2004,15,368256,1
2004,15,351498,2
2004,16,381841,1
2004,16,363789,2
2004,17,404562,1
2004,17,387068,2
2004,18,392771,1
2004,18,376976,2
2004,19,402400,1
2004,19,385886,2
2004,20,410330,1
2004,20,392490,2
2004,21,375915,1
2004,21,357234,2
2004,22,361177,1
2004,22,350130,2
2004,23,368816,1
2004,23,358352,2
2004,24,349258,1
2004,24,339803,2
2004,25,345601,1
2004,25,339938,2
2004,26,333790,1
2004,26,330936,2
2004,27,350962,1
2004,27,348360,2
2004,28,342801,1
2004,28,343982,2
2004,29,333851,1
2004,29,336003,2
2004,30,324788,1
2004,30,327864,2
2004,31,333629,1
2004,31,340227,2
2004,32,331285,1
2004,32,336367,2
2004,33,328380,1
2004,33,334306,2
2004,34,301726,1
2004,34,310714,2
2004,35,306763,1
2004,35,317028,2
2004,36,302238,1
2004,36,315267,2
2004,37,311030,1
2004,37,326776,2
2004,38,307179,1
2004,38,326123,2
2004,39,321179,1
2004,39,342868,2
2004,40,341443,1
2004,40,368636,2
2004,41,350055,1
2004,41,380227,2
2004,42,362809,1
2004,42,394693,2
2004,43,375856,1
2004,43,410632,2
2004,44,357745,1
2004,44,396841,2
2004,45,354444,1
2004,45,395422,2
2004,46,339976,1
2004,46,382533,2
2004,47,335886,1
2004,47,383480,2
2004,48,313609,1
2004,48,361572,2
2004,49,321816,1
2004,49,374926,2
2004,50,292653,1
2004,50,345168,2
2004,51,305686,1
2004,51,363020,2
2004,52,304490,1
2004,52,362341,2
2004,53,299477,1
2004,53,361069,2
2004,54,309125,1
2004,54,379585,2
2004,55,255360,1
2004,55,317018,2
2004,56,225431,1
2004,56,285329,2
2004,57,213658,1
2004,57,278933,2
2004,58,137588,1
2004,58,186112,2
2004,59,160252,1
2004,59,218937,2
2004,60,142367,1
2004,60,197881,2
2004,61,183171,1
2004,61,258055,2
2004,62,237561,1
2004,62,338412,2
2004,63,242291,1
2004,63,350689,2
2004,64,256956,1
2004,64,384751,2
2004,65,265819,1
2004,65,403429,2
2004,66,274695,1
2004,66,413535,2
2004,67,219160,1
2004,67,333646,2
2004,68,181880,1
2004,68,276796,2
2004,69,134068,1
2004,69,206733,2
2004,70,110493,1
2004,70,178571,2
2004,71,134229,1
2004,71,232299,2
2004,72,137578,1
2004,72,236598,2
2004,73,158920,1
2004,73,288470,2
2004,74,135958,1
2004,74,260090,2
2004,75,134590,1
2004,75,270842,2
2004,76,118758,1
2004,76,246746,2
2004,77,97061,1
2004,77,234761,2
2004,78,80159,1
2004,78,213403,2
2004,79,65957,1
2004,79,194286,2
2005,0,217975,1
2005,0,205946,2
2005,1,207607,1
2005,1,196618,2
2005,2,198857,1
2005,2,186759,2
2005,3,190804,1
2005,3,179860,2
2005,4,196262,1
2005,4,185319,2
2005,5,198239,1
2005,5,188080,2
2005,6,209547,1
2005,6,200738,2
2005,7,219375,1
2005,7,208777,2
2005,8,236974,1
2005,8,225469,2
2005,9,246208,1
2005,9,234310,2
2005,10,256315,1
2005,10,243510,2
2005,11,271273,1
2005,11,258333,2
2005,12,292444,1
2005,12,278185,2
2005,13,313925,1
2005,13,298185,2
2005,14,330147,1
2005,14,313761,2
2005,15,345705,1
2005,15,329292,2
2005,16,367954,1
2005,16,351294,2
2005,17,381496,1
2005,17,363635,2
2005,18,404256,1
2005,18,386930,2
2005,19,392337,1
2005,19,376696,2
2005,20,401792,1
2005,20,385586,2
2005,21,409460,1
2005,21,392087,2
2005,22,375099,1
2005,22,356759,2
2005,23,360169,1
2005,23,349597,2
2005,24,367674,1
2005,24,357844,2
2005,25,347913,1
2005,25,339184,2
2005,26,344251,1
2005,26,339290,2
2005,27,332263,1
2005,27,330255,2
2005,28,349346,1
2005,28,347712,2
2005,29,341165,1
2005,29,343351,2
2005,30,332062,1
2005,30,335314,2
2005,31,323041,1
2005,31,327312,2
2005,32,331788,1
2005,32,339533,2
2005,33,329398,1
2005,33,335752,2
2005,34,326363,1
2005,34,333634,2
2005,35,299661,1
2005,35,310030,2
2005,36,304509,1
2005,36,316245,2
2005,37,299776,1
2005,37,314416,2
2005,38,308413,1
2005,38,325926,2
2005,39,304679,1
2005,39,325274,2
2005,40,317886,1
2005,40,341862,2
2005,41,337944,1
2005,41,367546,2
2005,42,346170,1
2005,42,379005,2
2005,43,358559,1
2005,43,393345,2
2005,44,371275,1
2005,44,409171,2
2005,45,352737,1
2005,45,395211,2
2005,46,349485,1
2005,46,393710,2
2005,47,334563,1
2005,47,380692,2
2005,48,330412,1
2005,48,381668,2
2005,49,308251,1
2005,49,359613,2
2005,50,315318,1
2005,50,372637,2
2005,51,286771,1
2005,51,343030,2
2005,52,299215,1
2005,52,360546,2
2005,53,297768,1
2005,53,359669,2
2005,54,292549,1
2005,54,358264,2
2005,55,301043,1
2005,55,376274,2
2005,56,248813,1
2005,56,314123,2
2005,57,219155,1
2005,57,282509,2
2005,58,207612,1
2005,58,275987,2
2005,59,133388,1
2005,59,183998,2
2005,60,154611,1
2005,60,216084,2
2005,61,137102,1
2005,61,195373,2
2005,62,176093,1
2005,62,254425,2
2005,63,228281,1
2005,63,333273,2
2005,64,232196,1
2005,64,344745,2
2005,65,245363,1
2005,65,377850,2
2005,66,253539,1
2005,66,395363,2
2005,67,261316,1
2005,67,404580,2
2005,68,207737,1
2005,68,325692,2
2005,69,171747,1
2005,69,269299,2
2005,70,125976,1
2005,70,200596,2
2005,71,103396,1
2005,71,172621,2
2005,72,125133,1
2005,72,224009,2
2005,73,127900,1
2005,73,227460,2
2005,74,147058,1
2005,74,276373,2
2005,75,124350,1
2005,75,247399,2
2005,76,122477,1
2005,76,256208,2
2005,77,107695,1
2005,77,232157,2
2005,78,87355,1
2005,78,219293,2
2005,79,71556,1
2005,79,197753,2
2006,0,217579,1
2006,0,204985,2
2006,1,217384,1
2006,1,205498,2
2006,2,207349,1
2006,2,196448,2
2006,3,198729,1
2006,3,186648,2
2006,4,190661,1
2006,4,179803,2
2006,5,196148,1
2006,5,185232,2
2006,6,198150,1
2006,6,187979,2
2006,7,209467,1
2006,7,200656,2
2006,8,219258,1
2006,8,208712,2
2006,9,236845,1
2006,9,225431,2
2006,10,246116,1
2006,10,234228,2
2006,11,256226,1
2006,11,243402,2
2006,12,271164,1
2006,12,258293,2
2006,13,292269,1
2006,13,278099,2
2006,14,313809,1
2006,14,298114,2
2006,15,329943,1
2006,15,313663,2
2006,16,345527,1
2006,16,329183,2
2006,17,367728,1
2006,17,351243,2
2006,18,381262,1
2006,18,363533,2
2006,19,403894,1
2006,19,386773,2
2006,20,391765,1
2006,20,376527,2
2006,21,401153,1
2006,21,385337,2
2006,22,408616,1
2006,22,391697,2
2006,23,374221,1
2006,23,356320,2
2006,24,359114,1
2006,24,349191,2
2006,25,366454,1
2006,25,357336,2
2006,26,346591,1
2006,26,338613,2
2006,27,342793,1
2006,27,338784,2
2006,28,330769,1
2006,28,329753,2
2006,29,347749,1
2006,29,347144,2
2006,30,339368,1
2006,30,342719,2
2006,31,330267,1
2006,31,334687,2
2006,32,321167,1
2006,32,326739,2
2006,33,329672,1
2006,33,338819,2
2006,34,327443,1
2006,34,335139,2
2006,35,324033,1
2006,35,332870,2
2006,36,297459,1
2006,36,309386,2
2006,37,302153,1
2006,37,315475,2
2006,38,297262,1
2006,38,313585,2
2006,39,305657,1
2006,39,325094,2
2006,40,301459,1
2006,40,324332,2
2006,41,314552,1
2006,41,340914,2
2006,42,334191,1
2006,42,366383,2
2006,43,342054,1
2006,43,377686,2
2006,44,354247,1
2006,44,392010,2
2006,45,366020,1
2006,45,407570,2
2006,46,347682,1
2006,46,393572,2
2006,47,344094,1
2006,47,391948,2
2006,48,329036,1
2006,48,378938,2
2006,49,324642,1
2006,49,379768,2
2006,50,301879,1
2006,50,357388,2
2006,51,308916,1
2006,51,370353,2
2006,52,280428,1
2006,52,340847,2
2006,53,292365,1
2006,53,358020,2
2006,54,290794,1
2006,54,356897,2
2006,55,284976,1
2006,55,355307,2
2006,56,292758,1
2006,56,372621,2
2006,57,242140,1
2006,57,310852,2
2006,58,212871,1
2006,58,279493,2
2006,59,201326,1
2006,59,272747,2
2006,60,128679,1
2006,60,181682,2
2006,61,148499,1
2006,61,213074,2
2006,62,131715,1
2006,62,192476,2
2006,63,168580,1
2006,63,250445,2
2006,64,218641,1
2006,64,327803,2
2006,65,221796,1
2006,65,338630,2
2006,66,233732,1
2006,66,370506,2
2006,67,240636,1
2006,67,386906,2
2006,68,247300,1
2006,68,394850,2
2006,69,196196,1
2006,69,317065,2
2006,70,161314,1
2006,70,261213,2
2006,71,117689,1
2006,71,193958,2
2006,72,96129,1
2006,72,166327,2
2006,73,115989,1
2006,73,215034,2
2006,74,118155,1
2006,74,217560,2
2006,75,134962,1
2006,75,263387,2
2006,76,112926,1
2006,76,233931,2
2006,77,110515,1
2006,77,240646,2
2006,78,96615,1
2006,78,216815,2
2006,79,77771,1
2006,79,203101,2
2007,0,234110,1
2007,0,222616,2
2007,1,217030,1
2007,1,204542,2
2007,2,217220,1
2007,2,205370,2
2007,3,207221,1
2007,3,196376,2
2007,4,198636,1
2007,4,186589,2
2007,5,190580,1
2007,5,179729,2
2007,6,196068,1
2007,6,185166,2
2007,7,198055,1
2007,7,187915,2
2007,8,209398,1
2007,8,200626,2
2007,9,219169,1
2007,9,208669,2
2007,10,236773,1
2007,10,225390,2
2007,11,246055,1
2007,11,234191,2
2007,12,256145,1
2007,12,243322,2
2007,13,271065,1
2007,13,258226,2
2007,14,292143,1
2007,14,278044,2
2007,15,313624,1
2007,15,298007,2
2007,16,329802,1
2007,16,313591,2
2007,17,345389,1
2007,17,329214,2
2007,18,367741,1
2007,18,351291,2
2007,19,381214,1
2007,19,363550,2
2007,20,403751,1
2007,20,386684,2
2007,21,391485,1
2007,21,376437,2
2007,22,400733,1
2007,22,385126,2
2007,23,408015,1
2007,23,391441,2
2007,24,373616,1
2007,24,356062,2
2007,25,358246,1
2007,25,348870,2
2007,26,365483,1
2007,26,356968,2
2007,27,345387,1
2007,27,338270,2
2007,28,341520,1
2007,28,338252,2
2007,29,329366,1
2007,29,329289,2
2007,30,346061,1
2007,30,346595,2
2007,31,337704,1
2007,31,342130,2
2007,32,328560,1
2007,32,334133,2
2007,33,319305,1
2007,33,326169,2
2007,34,327792,1
2007,34,338180,2
2007,35,325333,1
2007,35,334424,2
2007,36,321977,1
2007,36,332149,2
2007,37,295363,1
2007,37,308700,2
2007,38,299974,1
2007,38,314721,2
2007,39,294945,1
2007,39,312845,2
2007,40,302700,1
2007,40,324206,2
2007,41,298696,1
2007,41,323491,2
2007,42,311328,1
2007,42,339945,2
2007,43,330557,1
2007,43,365201,2
2007,44,338227,1
2007,44,376472,2
2007,45,349753,1
2007,45,390571,2
2007,46,361297,1
2007,46,406083,2
2007,47,342790,1
2007,47,391833,2
2007,48,338921,1
2007,48,390283,2
2007,49,323676,1
2007,49,377214,2
2007,50,318639,1
2007,50,377867,2
2007,51,296351,1
2007,51,355388,2
2007,52,302774,1
2007,52,368123,2
2007,53,274555,1
2007,53,338724,2
2007,54,285948,1
2007,54,355575,2
2007,55,283785,1
2007,55,354108,2
2007,56,277998,1
2007,56,352197,2
2007,57,285041,1
2007,57,369121,2
2007,58,235452,1
2007,58,307891,2
2007,59,206696,1
2007,59,276530,2
2007,60,194916,1
2007,60,269535,2
2007,61,124158,1
2007,61,179491,2
2007,62,142889,1
2007,62,210081,2
2007,63,126373,1
2007,63,189492,2
2007,64,161511,1
2007,64,246257,2
2007,65,209545,1
2007,65,322285,2
2007,66,211809,1
2007,66,332168,2
2007,67,222386,1
2007,67,362831,2
2007,68,227967,1
2007,68,378046,2
2007,69,233699,1
2007,69,384894,2
2007,70,184848,1
2007,70,307741,2
2007,71,151097,1
2007,71,252742,2
2007,72,109823,1
2007,72,186987,2
2007,73,89100,1
2007,73,159842,2
2007,74,106914,1
2007,74,205671,2
2007,75,108660,1
2007,75,207164,2
2007,76,123539,1
2007,76,249873,2
2007,77,102039,1
2007,77,219781,2
2007,78,99248,1
2007,78,224997,2
2007,79,86204,1
2007,79,201054,2
2008,0,240718,1
2008,0,227641,2
2008,1,233499,1
2008,1,222135,2
2008,2,216802,1
2008,2,204352,2
2008,3,217094,1
2008,3,205280,2
2008,4,207108,1
2008,4,196317,2
2008,5,198521,1
2008,5,186528,2
2008,6,190505,1
2008,6,179651,2
2008,7,195996,1
2008,7,185146,2
2008,8,197945,1
2008,8,187852,2
2008,9,209301,1
2008,9,200550,2
2008,10,219053,1
2008,10,208594,2
2008,11,236681,1
2008,11,225359,2
2008,12,245976,1
2008,12,234117,2
2008,13,256050,1
2008,13,243268,2
2008,14,270895,1
2008,14,258157,2
2008,15,291958,1
2008,15,277914,2
2008,16,313459,1
2008,16,297925,2
2008,17,329736,1
2008,17,313604,2
2008,18,345507,1
2008,18,329277,2
2008,19,367885,1
2008,19,351268,2
2008,20,380988,1
2008,20,363454,2
2008,21,403371,1
2008,21,386493,2
2008,22,390903,1
2008,22,376227,2
2008,23,400080,1
2008,23,384838,2
2008,24,407146,1
2008,24,391037,2
2008,25,372624,1
2008,25,355672,2
2008,26,357352,1
2008,26,348506,2
2008,27,364315,1
2008,27,356487,2
2008,28,343986,1
2008,28,337794,2
2008,29,340018,1
2008,29,337708,2
2008,30,327655,1
2008,30,328740,2
2008,31,344455,1
2008,31,345935,2
2008,32,335710,1
2008,32,341417,2
2008,33,326519,1
2008,33,333520,2
2008,34,317336,1
2008,34,325521,2
2008,35,325596,1
2008,35,337412,2
2008,36,323144,1
2008,36,333726,2
2008,37,319619,1
2008,37,331439,2
2008,38,293124,1
2008,38,307906,2
2008,39,297518,1
2008,39,313867,2
2008,40,291936,1
2008,40,311804,2
2008,41,299775,1
2008,41,323255,2
2008,42,295551,1
2008,42,322493,2
2008,43,307791,1
2008,43,338810,2
2008,44,326641,1
2008,44,363933,2
2008,45,333617,1
2008,45,375043,2
2008,46,345185,1
2008,46,388976,2
2008,47,356070,1
2008,47,404396,2
2008,48,337389,1
2008,48,390025,2
2008,49,333317,1
2008,49,388350,2
2008,50,317325,1
2008,50,375178,2
2008,51,312950,1
2008,51,375731,2
2008,52,290304,1
2008,52,353271,2
2008,53,296220,1
2008,53,365634,2
2008,54,268410,1
2008,54,336376,2
2008,55,278847,1
2008,55,352868,2
2008,56,276668,1
2008,56,351064,2
2008,57,270678,1
2008,57,349062,2
2008,58,276988,1
2008,58,365390,2
2008,59,228713,1
2008,59,304709,2
2008,60,199967,1
2008,60,273349,2
2008,61,187878,1
2008,61,266310,2
2008,62,119641,1
2008,62,177100,2
2008,63,137220,1
2008,63,206975,2
2008,64,121227,1
2008,64,186413,2
2008,65,154184,1
2008,65,242026,2
2008,66,200208,1
2008,66,316504,2
2008,67,201726,1
2008,67,325441,2
2008,68,210942,1
2008,68,354691,2
2008,69,215475,1
2008,69,368695,2
2008,70,220081,1
2008,70,374279,2
2008,71,173528,1
2008,71,298133,2
2008,72,141138,1
2008,72,243880,2
2008,73,101995,1
2008,73,179778,2
2008,74,82329,1
2008,74,152942,2
2008,75,98372,1
2008,75,196131,2
2008,76,99498,1
2008,76,196463,2
2008,77,112306,1
2008,77,235830,2
2008,78,91398,1
2008,78,205309,2
2008,79,88373,1
2008,79,209026,2
2009,0,261138,1
2009,0,245204,2
2009,1,240239,1
2009,1,227251,2
2009,2,233320,1
2009,2,222023,2
2009,3,216723,1
2009,3,204291,2
2009,4,217048,1
2009,4,205238,2
2009,5,207060,1
2009,5,196298,2
2009,6,198498,1
2009,6,186482,2
2009,7,190483,1
2009,7,179616,2
2009,8,195951,1
2009,8,185102,2
2009,9,197910,1
2009,9,187829,2
2009,10,209246,1
2009,10,200512,2
2009,11,219022,1
2009,11,208561,2
2009,12,236647,1
2009,12,225326,2
2009,13,245907,1
2009,13,234075,2
2009,14,255970,1
2009,14,243218,2
2009,15,270771,1
2009,15,258063,2
2009,16,291869,1
2009,16,277922,2
2009,17,313484,1
2009,17,297980,2
2009,18,329868,1
2009,18,313700,2
2009,19,345414,1
2009,19,329343,2
2009,20,367696,1
2009,20,351174,2
2009,21,380421,1
2009,21,363306,2
2009,22,402748,1
2009,22,386261,2
2009,23,390167,1
2009,23,376002,2
2009,24,399171,1
2009,24,384548,2
2009,25,406087,1
2009,25,390658,2
2009,26,371541,1
2009,26,355315,2
2009,27,356152,1
2009,27,348083,2
2009,28,362965,1
2009,28,355992,2
2009,29,342512,1
2009,29,337282,2
2009,30,338302,1
2009,30,337118,2
2009,31,325941,1
2009,31,328136,2
2009,32,342498,1
2009,32,345266,2
2009,33,333578,1
2009,33,340636,2
2009,34,324286,1
2009,34,332859,2
2009,35,315007,1
2009,35,324760,2
2009,36,323346,1
2009,36,336640,2
2009,37,320724,1
2009,37,332936,2
2009,38,317153,1
2009,38,330585,2
2009,39,290627,1
2009,39,307045,2
2009,40,294604,1
2009,40,312946,2
2009,41,289015,1
2009,41,310894,2
2009,42,296643,1
2009,42,322177,2
2009,43,292093,1
2009,43,321400,2
2009,44,304116,1
2009,44,337616,2
2009,45,322371,1
2009,45,362581,2
2009,46,329125,1
2009,46,373547,2
2009,47,340224,1
2009,47,387342,2
2009,48,350740,1
2009,48,402611,2
2009,49,332035,1
2009,49,388134,2
2009,50,327168,1
2009,50,386283,2
2009,51,311300,1
2009,51,373106,2
2009,52,306670,1
2009,52,373482,2
2009,53,284117,1
2009,53,351171,2
2009,54,289551,1
2009,54,363198,2
2009,55,261999,1
2009,55,333894,2
2009,56,271971,1
2009,56,349936,2
2009,57,269374,1
2009,57,347896,2
2009,58,263244,1
2009,58,345825,2
2009,59,268949,1
2009,59,361528,2
2009,60,221494,1
2009,60,301340,2
2009,61,193067,1
2009,61,270040,2
2009,62,181158,1
2009,62,262922,2
2009,63,115098,1
2009,63,174553,2
2009,64,131549,1
2009,64,203760,2
2009,65,115970,1
2009,65,183235,2
2009,66,147123,1
2009,66,237608,2
2009,67,191006,1
2009,67,310484,2
2009,68,191873,1
2009,68,318547,2
2009,69,199673,1
2009,69,346068,2
2009,70,203162,1
2009,70,358742,2
2009,71,206413,1
2009,71,362929,2
2009,72,162323,1
2009,72,288143,2
2009,73,131170,1
2009,73,234640,2
2009,74,94503,1
2009,74,172021,2
2009,75,75706,1
2009,75,145828,2
2009,76,90008,1
2009,76,186308,2
2009,77,90484,1
2009,77,185271,2
2009,78,101542,1
2009,78,221483,2
2009,79,81584,1
2009,79,190449,2
2010,0,262597,1
2010,0,245947,2
2010,1,260723,1
2010,1,244938,2
2010,2,240097,1
2010,2,227149,2
2010,3,233259,1
2010,3,221974,2
2010,4,216676,1
2010,4,204230,2
2010,5,217009,1
2010,5,205209,2
2010,6,207010,1
2010,6,196298,2
2010,7,198442,1
2010,7,186465,2
2010,8,190440,1
2010,8,179582,2
2010,9,195910,1
2010,9,185094,2
2010,10,197860,1
2010,10,187794,2
2010,11,209214,1
2010,11,200479,2
2010,12,218977,1
2010,12,208490,2
2010,13,236588,1
2010,13,225284,2
2010,14,245807,1
2010,14,234018,2
2010,15,255861,1
2010,15,243168,2
2010,16,270710,1
2010,16,258045,2
2010,17,291807,1
2010,17,277975,2
2010,18,313419,1
2010,18,297996,2
2010,19,329649,1
2010,19,313673,2
2010,20,345022,1
2010,20,329277,2
2010,21,367163,1
2010,21,351038,2
2010,22,379818,1
2010,22,363145,2
2010,23,402037,1
2010,23,386098,2
2010,24,389456,1
2010,24,375761,2
2010,25,398324,1
2010,25,384282,2
2010,26,405079,1
2010,26,390373,2
2010,27,370536,1
2010,27,355010,2
2010,28,355053,1
2010,28,347710,2
2010,29,361814,1
2010,29,355547,2
2010,30,341131,1
2010,30,336756,2
2010,31,336872,1
2010,31,336573,2
2010,32,324375,1
2010,32,327550,2
2010,33,340843,1
2010,33,344686,2
2010,34,331881,1
2010,34,340039,2
2010,35,322411,1
2010,35,332233,2
2010,36,313290,1
2010,36,324095,2
2010,37,321350,1
2010,37,335965,2
2010,38,318746,1
2010,38,332217,2
2010,39,315135,1
2010,39,329898,2
2010,40,288582,1
2010,40,306336,2
2010,41,292320,1
2010,41,312085,2
2010,42,286721,1
2010,42,309991,2
2010,43,294074,1
2010,43,321304,2
2010,44,289401,1
2010,44,320454,2
2010,45,300964,1
2010,45,336463,2
2010,46,319019,1
2010,46,361302,2
2010,47,325506,1
2010,47,372183,2
2010,48,336143,1
2010,48,385909,2
2010,49,346272,1
2010,49,401020,2
2010,50,327278,1
2010,50,386313,2
2010,51,322286,1
2010,51,384399,2
2010,52,306220,1
2010,52,371174,2
2010,53,301349,1
2010,53,371348,2
2010,54,278978,1
2010,54,349145,2
2010,55,283576,1
2010,55,360845,2
2010,56,256419,1
2010,56,331385,2
2010,57,265684,1
2010,57,347184,2
2010,58,262783,1
2010,58,345012,2
2010,59,256666,1
2010,59,342610,2
2010,60,261177,1
2010,60,357751,2
2010,61,214581,1
2010,61,298035,2
2010,62,186702,1
2010,62,266854,2
2010,63,174830,1
2010,63,259514,2
2010,64,111001,1
2010,64,172130,2
2010,65,126064,1
2010,65,200403,2
2010,66,110976,1
2010,66,180019,2
2010,67,140355,1
2010,67,233091,2
2010,68,182156,1
2010,68,304231,2
2010,69,182465,1
2010,69,311326,2
2010,70,188631,1
2010,70,337232,2
2010,71,191133,1
2010,71,348467,2
2010,72,193344,1
2010,72,351191,2
2010,73,151783,1
2010,73,277696,2
2010,74,121778,1
2010,74,224844,2
2010,75,87196,1
2010,75,164368,2
2010,76,69439,1
2010,76,138549,2
2010,77,81976,1
2010,77,175975,2
2010,78,81965,1
2010,78,173906,2
2010,79,91499,1
2010,79,206655,2
2011,0,254668,1
2011,0,239343,2
2011,1,262195,1
2011,1,245647,2
2011,2,260595,1
2011,2,244842,2
2011,3,240019,1
2011,3,227100,2
2011,4,233199,1
2011,4,221955,2
2011,5,216641,1
2011,5,204213,2
2011,6,216979,1
2011,6,205208,2
2011,7,206982,1
2011,7,196296,2
2011,8,198415,1
2011,8,186452,2
2011,9,190383,1
2011,9,179567,2
2011,10,195892,1
2011,10,185085,2
2011,11,197828,1
2011,11,187763,2
2011,12,209164,1
2011,12,200467,2
2011,13,218915,1
2011,13,208432,2
2011,14,236498,1
2011,14,225247,2
2011,15,245711,1
2011,15,233968,2
2011,16,255780,1
2011,16,243148,2
2011,17,270626,1
2011,17,258058,2
2011,18,291664,1
2011,18,277955,2
2011,19,313210,1
2011,19,297972,2
2011,20,329341,1
2011,20,313643,2
2011,21,344621,1
2011,21,329250,2
2011,22,366732,1
2011,22,350988,2
2011,23,379253,1
2011,23,363074,2
2011,24,401441,1
2011,24,386012,2
2011,25,388785,1
2011,25,375664,2
2011,26,397609,1
2011,26,384146,2
2011,27,404234,1
2011,27,390130,2
2011,28,369661,1
2011,28,354709,2
2011,29,354050,1
2011,29,347384,2
2011,30,360678,1
2011,30,355143,2
2011,31,339924,1
2011,31,336321,2
2011,32,335484,1
2011,32,336065,2
2011,33,322960,1
2011,33,327014,2
2011,34,339356,1
2011,34,344168,2
2011,35,330174,1
2011,35,339520,2
2011,36,320781,1
2011,36,331626,2
2011,37,311594,1
2011,37,323518,2
2011,38,319614,1
2011,38,335292,2
2011,39,316976,1
2011,39,331526,2
2011,40,313151,1
2011,40,329210,2
2011,41,286624,1
2011,41,305616,2
2011,42,290187,1
2011,42,311271,2
2011,43,284495,1
2011,43,309115,2
2011,44,291731,1
2011,44,320455,2
2011,45,286909,1
2011,45,319585,2
2011,46,298227,1
2011,46,335492,2
2011,47,315767,1
2011,47,360104,2
2011,48,322001,1
2011,48,370919,2
2011,49,332365,1
2011,49,384486,2
2011,50,341983,1
2011,50,399414,2
2011,51,322834,1
2011,51,384708,2
2011,52,317603,1
2011,52,382639,2
2011,53,301444,1
2011,53,369229,2
2011,54,296376,1
2011,54,369351,2
2011,55,273876,1
2011,55,347101,2
2011,56,278064,1
2011,56,358427,2
2011,57,250908,1
2011,57,329004,2
2011,58,259681,1
2011,58,344428,2
2011,59,256392,1
2011,59,342033,2
2011,60,249808,1
2011,60,339321,2
2011,61,253212,1
2011,61,353956,2
2011,62,207853,1
2011,62,294567,2
2011,63,180419,1
2011,63,263423,2
2011,64,168706,1
2011,64,255945,2
2011,65,106803,1
2011,65,169553,2
2011,66,120719,1
2011,66,196809,2
2011,67,106079,1
2011,67,176524,2
2011,68,133802,1
2011,68,228164,2
2011,69,173145,1
2011,69,297587,2
2011,70,172819,1
2011,70,303477,2
2011,71,177589,1
2011,71,327569,2
2011,72,179247,1
2011,72,337296,2
2011,73,180352,1
2011,73,338607,2
2011,74,140884,1
2011,74,266577,2
2011,75,112191,1
2011,75,214425,2
2011,76,79816,1
2011,76,156042,2
2011,77,63313,1
2011,77,130785,2
2011,78,74144,1
2011,78,164903,2
2011,79,73477,1
2011,79,162156,2
2012,0,257319,1
2012,0,241656,2
2012,1,254290,1
2012,1,239066,2
2012,2,262074,1
2012,2,245582,2
2012,3,260546,1
2012,3,244779,2
2012,4,239939,1
2012,4,227066,2
2012,5,233149,1
2012,5,221946,2
2012,6,216621,1
2012,6,204201,2
2012,7,216936,1
2012,7,205168,2
2012,8,206936,1
2012,8,196289,2
2012,9,198393,1
2012,9,186452,2
2012,10,190334,1
2012,10,179530,2
2012,11,195858,1
2012,11,185080,2
2012,12,197795,1
2012,12,187741,2
2012,13,209116,1
2012,13,200455,2
2012,14,218826,1
2012,14,208388,2
2012,15,236412,1
2012,15,225189,2
2012,16,245609,1
2012,16,234009,2
2012,17,255703,1
2012,17,243185,2
2012,18,270496,1
2012,18,258075,2
2012,19,291498,1
2012,19,277969,2
2012,20,312967,1
2012,20,297944,2
2012,21,329008,1
2012,21,313646,2
2012,22,344178,1
2012,22,329231,2
2012,23,366202,1
2012,23,350939,2
2012,24,378657,1
2012,24,363051,2
2012,25,400760,1
2012,25,385941,2
2012,26,388094,1
2012,26,375600,2
2012,27,396835,1
2012,27,383957,2
2012,28,403379,1
2012,28,389940,2
2012,29,368762,1
2012,29,354493,2
2012,30,353100,1
2012,30,347076,2
2012,31,359661,1
2012,31,354788,2
2012,32,338721,1
2012,32,335876,2
2012,33,334152,1
2012,33,335636,2
2012,34,321616,1
2012,34,326577,2
2012,35,337814,1
2012,35,343611,2
2012,36,328526,1
2012,36,338982,2
2012,37,319069,1
2012,37,331018,2
2012,38,309961,1
2012,38,322898,2
2012,39,317870,1
2012,39,334662,2
2012,40,315131,1
2012,40,330855,2
2012,41,311217,1
2012,41,328456,2
2012,42,284671,1
2012,42,304963,2
2012,43,288184,1
2012,43,310541,2
2012,44,282238,1
2012,44,308307,2
2012,45,289325,1
2012,45,319650,2
2012,46,284526,1
2012,46,318665,2
2012,47,295373,1
2012,47,334480,2
2012,48,312563,1
2012,48,358933,2
2012,49,318620,1
2012,49,369642,2
2012,50,328499,1
2012,50,383002,2
2012,51,337729,1
2012,51,397779,2
2012,52,318278,1
2012,52,382989,2
2012,53,312857,1
2012,53,380826,2
2012,54,296711,1
2012,54,367328,2
2012,55,291393,1
2012,55,367402,2
2012,56,268657,1
2012,56,345056,2
2012,57,272406,1
2012,57,355974,2
2012,58,245472,1
2012,58,326464,2
2012,59,253626,1
2012,59,341683,2
2012,60,249987,1
2012,60,338987,2
2012,61,242894,1
2012,61,336014,2
2012,62,245521,1
2012,62,349845,2
2012,63,201110,1
2012,63,290886,2
2012,64,174256,1
2012,64,259997,2
2012,65,162669,1
2012,65,252157,2
2012,66,102762,1
2012,66,166960,2
2012,67,115528,1
2012,67,193284,2
2012,68,101286,1
2012,68,173014,2
2012,69,127251,1
2012,69,223259,2
2012,70,164535,1
2012,70,290769,2
2012,71,163483,1
2012,71,295455,2
2012,72,166737,1
2012,72,317885,2
2012,73,167711,1
2012,73,326236,2
2012,74,167861,1
2012,74,325966,2
2012,75,130738,1
2012,75,255213,2
2012,76,103312,1
2012,76,204152,2
2012,77,72882,1
2012,77,147673,2
2012,78,57494,1
2012,78,123047,2
2012,79,66933,1
2012,79,153951,2
2013,0,266820,1
2013,0,250481,2
2013,1,256967,1
2013,1,241404,2
2013,2,254237,1
2013,2,239007,2
2013,3,262034,1
2013,3,245566,2
2013,4,260473,1
2013,4,244798,2
2013,5,239901,1
2013,5,227055,2
2013,6,233152,1
2013,6,221913,2
2013,7,216603,1
2013,7,204225,2
2013,8,216915,1
2013,8,205192,2
2013,9,206934,1
2013,9,196268,2
2013,10,198396,1
2013,10,186444,2
2013,11,190341,1
2013,11,179524,2
2013,12,195851,1
2013,12,185083,2
2013,13,197747,1
2013,13,187721,2
2013,14,209108,1
2013,14,200438,2
2013,15,218770,1
2013,15,208355,2
2013,16,236427,1
2013,16,225219,2
2013,17,246690,1
2013,17,234332,2
2013,18,258319,1
2013,18,244076,2
2013,19,273728,1
2013,19,259220,2
2013,20,294729,1
2013,20,279194,2
2013,21,315818,1
2013,21,299083,2
2013,22,331707,1
2013,22,314764,2
2013,23,346660,1
2013,23,330232,2
2013,24,368187,1
2013,24,351783,2
2013,25,379888,1
2013,25,363524,2
2013,26,401430,1
2013,26,386262,2
2013,27,388434,1
2013,27,375765,2
2013,28,396799,1
2013,28,383941,2
2013,29,403121,1
2013,29,389828,2
2013,30,368335,1
2013,30,354370,2
2013,31,352408,1
2013,31,346882,2
2013,32,358804,1
2013,32,354497,2
2013,33,337551,1
2013,33,335543,2
2013,34,332918,1
2013,34,335290,2
2013,35,320239,1
2013,35,326133,2
2013,36,336490,1
2013,36,343172,2
2013,37,326979,1
2013,37,338471,2
2013,38,317427,1
2013,38,330461,2
2013,39,308373,1
2013,39,322356,2
2013,40,316163,1
2013,40,334019,2
2013,41,313265,1
2013,41,330200,2
2013,42,309358,1
2013,42,327734,2
2013,43,282691,1
2013,43,304269,2
2013,44,286112,1
2013,44,309733,2
2013,45,279935,1
2013,45,307459,2
2013,46,286933,1
2013,46,318761,2
2013,47,282031,1
2013,47,317800,2
2013,48,292455,1
2013,48,333441,2
2013,49,309205,1
2013,49,357747,2
2013,50,314830,1
2013,50,368347,2
2013,51,324488,1
2013,51,381487,2
2013,52,333299,1
2013,52,396061,2
2013,53,313693,1
2013,53,381217,2
2013,54,308008,1
2013,54,378939,2
2013,55,291432,1
2013,55,365271,2
2013,56,286074,1
2013,56,365189,2
2013,57,263232,1
2013,57,342681,2
2013,58,266584,1
2013,58,353371,2
2013,59,239708,1
2013,59,323827,2
2013,60,246942,1
2013,60,338670,2
2013,61,242998,1
2013,61,335628,2
2013,62,235748,1
2013,62,332377,2
2013,63,237454,1
2013,63,345616,2
2013,64,194243,1
2013,64,287067,2
2013,65,167930,1
2013,65,256176,2
2013,66,156344,1
2013,66,248269,2
2013,67,98619,1
2013,67,164270,2
2013,68,110139,1
2013,68,189500,2
2013,69,96350,1
2013,69,169271,2
2013,70,120662,1
2013,70,217977,2
2013,71,155644,1
2013,71,283565,2
2013,72,154157,1
2013,72,287070,2
2013,73,156121,1
2013,73,307428,2
2013,74,156133,1
2013,74,314494,2
2013,75,155497,1
2013,75,312567,2
2013,76,120691,1
2013,76,243573,2
2013,77,94595,1
2013,77,193575,2
2013,78,66382,1
2013,78,139130,2
2013,79,52039,1
2013,79,114835,2
2014,0,257889,1
2014,0,242595,2
2014,1,266548,1
2014,1,250262,2
2014,2,256882,1
2014,2,241358,2
2014,3,254179,1
2014,3,239007,2
2014,4,262046,1
2014,4,245549,2
2014,5,260462,1
2014,5,244798,2
2014,6,239891,1
2014,6,227076,2
2014,7,233152,1
2014,7,221908,2
2014,8,216593,1
2014,8,204219,2
2014,9,216904,1
2014,9,205203,2
2014,10,206907,1
2014,10,196256,2
2014,11,198396,1
2014,11,186433,2
2014,12,190331,1
2014,12,179533,2
2014,13,195817,1
2014,13,185068,2
2014,14,197721,1
2014,14,187706,2
2014,15,209022,1
2014,15,200377,2
2014,16,218749,1
2014,16,208363,2
2014,17,237163,1
2014,17,225503,2
2014,18,248512,1
2014,18,234992,2
2014,19,260300,1
2014,19,244829,2
2014,20,275158,1
2014,20,259828,2
2014,21,295535,1
2014,21,279555,2
2014,22,316052,1
2014,22,299294,2
2014,23,331823,1
2014,23,314809,2
2014,24,346383,1
2014,24,330201,2
2014,25,367417,1
2014,25,351690,2
2014,26,379178,1
2014,26,363496,2
2014,27,400805,1
2014,27,386173,2
2014,28,387768,1
2014,28,375639,2
2014,29,396090,1
2014,29,383828,2
2014,30,402193,1
2014,30,389522,2
2014,31,367334,1
2014,31,354149,2
2014,32,351448,1
2014,32,346607,2
2014,33,357498,1
2014,33,354131,2
2014,34,336227,1
2014,34,335077,2
2014,35,331379,1
2014,35,334836,2
2014,36,318698,1
2014,36,325671,2
2014,37,334800,1
2014,37,342586,2
2014,38,325320,1
2014,38,337837,2
2014,39,315641,1
2014,39,329838,2
2014,40,306580,1
2014,40,321720,2
2014,41,314187,1
2014,41,333319,2
2014,42,311296,1
2014,42,329483,2
2014,43,307257,1
2014,43,326882,2
2014,44,280695,1
2014,44,303490,2
2014,45,283837,1
2014,45,308843,2
2014,46,277439,1
2014,46,306551,2
2014,47,284282,1
2014,47,317791,2
2014,48,279313,1
2014,48,316724,2
2014,49,289351,1
2014,49,332293,2
2014,50,305482,1
2014,50,356388,2
2014,51,310828,1
2014,51,366938,2
2014,52,320129,1
2014,52,379838,2
2014,53,328553,1
2014,53,394277,2
2014,54,308694,1
2014,54,379285,2
2014,55,302632,1
2014,55,376887,2
2014,56,285917,1
2014,56,363106,2
2014,57,280605,1
2014,57,362732,2
2014,58,257708,1
2014,58,340178,2
2014,59,260524,1
2014,59,350555,2
2014,60,233650,1
2014,60,320914,2
2014,61,239926,1
2014,61,335402,2
2014,62,235560,1
2014,62,331975,2
2014,63,228245,1
2014,63,328518,2
2014,64,229076,1
2014,64,341195,2
2014,65,187222,1
2014,65,282891,2
2014,66,161457,1
2014,66,252173,2
2014,67,149948,1
2014,67,244150,2
2014,68,94415,1
2014,68,161332,2
2014,69,104710,1
2014,69,185444,2
2014,70,91375,1
2014,70,165214,2
2014,71,113936,1
2014,71,212300,2
2014,72,146984,1
2014,72,275697,2
2014,73,145047,1
2014,73,278018,2
2014,74,145579,1
2014,74,296706,2
2014,75,144735,1
2014,75,301924,2
2014,76,143457,1
2014,76,298210,2
2014,77,110720,1
2014,77,231267,2
2014,78,86018,1
2014,78,182262,2
2014,79,60132,1
2014,79,130269,2
2015,0,238366,1
2015,0,224682,2
2015,1,242999,1
2015,1,228668,2
2015,2,251352,1
2015,2,236137,2
2015,3,242605,1
2015,3,228069,2
2015,4,239837,1
2015,4,225929,2
2015,5,247710,1
2015,5,232129,2
2015,6,246323,1
2015,6,231388,2
2015,7,226701,1
2015,7,214581,2
2015,8,221015,1
2015,8,210073,2
2015,9,205474,1
2015,9,193518,2
2015,10,205524,1
2015,10,194633,2
2015,11,196157,1
2015,11,186007,2
2015,12,188441,1
2015,12,177059,2
2015,13,180987,1
2015,13,170667,2
2015,14,186143,1
2015,14,175997,2
2015,15,188196,1
2015,15,178592,2
2015,16,199463,1
2015,16,191164,2
2015,17,209068,1
2015,17,199050,2
2015,18,227882,1
2015,18,215982,2
2015,19,238964,1
2015,19,225235,2
2015,20,249362,1
2015,20,234105,2
2015,21,262876,1
2015,21,248278,2
2015,22,281665,1
2015,22,266478,2
2015,23,300231,1
2015,23,284466,2
2015,24,314504,1
2015,24,298698,2
2015,25,327580,1
2015,25,312777,2
2015,26,346992,1
2015,26,332720,2
2015,27,357886,1
2015,27,343352,2
2015,28,378677,1
2015,28,365578,2
2015,29,366153,1
2015,29,355449,2
2015,30,374537,1
2015,30,363599,2
2015,31,378603,1
2015,31,368818,2
2015,32,344736,1
2015,32,335172,2
2015,33,330345,1
2015,33,328029,2
2015,34,337366,1
2015,34,335358,2
2015,35,317412,1
2015,35,317232,2
2015,36,312900,1
2015,36,317055,2
2015,37,300708,1
2015,37,308054,2
2015,38,316340,1
2015,38,324670,2
2015,39,307408,1
2015,39,320373,2
2015,40,298099,1
2015,40,312670,2
2015,41,289983,1
2015,41,305121,2
2015,42,297047,1
2015,42,315906,2
2015,43,294493,1
2015,43,312569,2
2015,44,290932,1
2015,44,310086,2
2015,45,264845,1
2015,45,287265,2
2015,46,267703,1
2015,46,292313,2
2015,47,261554,1
2015,47,290109,2
2015,48,267525,1
2015,48,299869,2
2015,49,261977,1
2015,49,298712,2
2015,50,271209,1
2015,50,313464,2
2015,51,286262,1
2015,51,336222,2
2015,52,290106,1
2015,52,345283,2
2015,53,299243,1
2015,53,357839,2
2015,54,307062,1
2015,54,371535,2
2015,55,287949,1
2015,55,356664,2
2015,56,281892,1
2015,56,354673,2
2015,57,265436,1
2015,57,340788,2
2015,58,259745,1
2015,58,339892,2
2015,59,237953,1
2015,59,317927,2
2015,60,240081,1
2015,60,327319,2
2015,61,214295,1
2015,61,299309,2
2015,62,219481,1
2015,62,312970,2
2015,63,215888,1
2015,63,309863,2
2015,64,209135,1
2015,64,306309,2
2015,65,209290,1
2015,65,317617,2
2015,66,170980,1
2015,66,263530,2
2015,67,146247,1
2015,67,233511,2
2015,68,135885,1
2015,68,226442,2
2015,69,85535,1
2015,69,149626,2
2015,70,94676,1
2015,70,172654,2
2015,71,82262,1
2015,71,153710,2
2015,72,101567,1
2015,72,195742,2
2015,73,130891,1
2015,73,253546,2
2015,74,128685,1
2015,74,254217,2
2015,75,127910,1
2015,75,269803,2
2015,76,126603,1
2015,76,273656,2
2015,77,124495,1
2015,77,268390,2
2015,78,96104,1
2015,78,207491,2
2015,79,73793,1
2015,79,162301,2
2016,0,211339,1
2016,0,197833,2
2016,1,238053,1
2016,1,224436,2
2016,2,242884,1
2016,2,228566,2
2016,3,251286,1
2016,3,236070,2
2016,4,242525,1
2016,4,228012,2
2016,5,239790,1
2016,5,225895,2
2016,6,247658,1
2016,6,232081,2
2016,7,246292,1
2016,7,231359,2
2016,8,226677,1
2016,8,214535,2
2016,9,220970,1
2016,9,210041,2
2016,10,205415,1
2016,10,193481,2
2016,11,205494,1
2016,11,194605,2
2016,12,196088,1
2016,12,185961,2
2016,13,188378,1
2016,13,177020,2
2016,14,180933,1
2016,14,170616,2
2016,15,186068,1
2016,15,175950,2
2016,16,188132,1
2016,16,178596,2
2016,17,199667,1
2016,17,191300,2
2016,18,209887,1
2016,18,199416,2
2016,19,228717,1
2016,19,216345,2
2016,20,239365,1
2016,20,225479,2
2016,21,249004,1
2016,21,234132,2
2016,22,262351,1
2016,22,248210,2
2016,23,281119,1
2016,23,266380,2
2016,24,299627,1
2016,24,284254,2
2016,25,313751,1
2016,25,298618,2
2016,26,326933,1
2016,26,312701,2
2016,27,346300,1
2016,27,332604,2
2016,28,357229,1
2016,28,343228,2
2016,29,377924,1
2016,29,365398,2
2016,30,365389,1
2016,30,355317,2
2016,31,373599,1
2016,31,363325,2
2016,32,377596,1
2016,32,368473,2
2016,33,343652,1
2016,33,334841,2
2016,34,329211,1
2016,34,327713,2
2016,35,336112,1
2016,35,334930,2
2016,36,316073,1
2016,36,316770,2
2016,37,311492,1
2016,37,316567,2
2016,38,299213,1
2016,38,307561,2
2016,39,314648,1
2016,39,324098,2
2016,40,305622,1
2016,40,319800,2
2016,41,296250,1
2016,41,312008,2
2016,42,288153,1
2016,42,304467,2
2016,43,295105,1
2016,43,315155,2
2016,44,292515,1
2016,44,311807,2
2016,45,288882,1
2016,45,309322,2
2016,46,262769,1
2016,46,286474,2
2016,47,265315,1
2016,47,291439,2
2016,48,259160,1
2016,48,289260,2
2016,49,264886,1
2016,49,298893,2
2016,50,259215,1
2016,50,297676,2
2016,51,268174,1
2016,51,312280,2
2016,52,282787,1
2016,52,334969,2
2016,53,286276,1
2016,53,343840,2
2016,54,295213,1
2016,54,356263,2
2016,55,302282,1
2016,55,369718,2
2016,56,283130,1
2016,56,354777,2
2016,57,276830,1
2016,57,352682,2
2016,58,260318,1
2016,58,338471,2
2016,59,254431,1
2016,59,337497,2
2016,60,232462,1
2016,60,315462,2
2016,61,233782,1
2016,61,324457,2
2016,62,208379,1
2016,62,296363,2
2016,63,212821,1
2016,63,309520,2
2016,64,208929,1
2016,64,306173,2
2016,65,202140,1
2016,65,302258,2
2016,66,201406,1
2016,66,312895,2
2016,67,164310,1
2016,67,259283,2
2016,68,140031,1
2016,68,229249,2
2016,69,129849,1
2016,69,222131,2
2016,70,81538,1
2016,70,146446,2
2016,71,89398,1
2016,71,168292,2
2016,72,77468,1
2016,72,149507,2
2016,73,95195,1
2016,73,189839,2
2016,74,122876,1
2016,74,245425,2
2016,75,119964,1
2016,75,245102,2
2016,76,118369,1
2016,76,258565,2
2016,77,116399,1
2016,77,261038,2
2016,78,113614,1
2016,78,254250,2
2016,79,87444,1
2016,79,195204,2
2017,0,203793,1
2017,0,190833,2
2017,1,211045,1
2017,1,197600,2
2017,2,237929,1
2017,2,224336,2
2017,3,242802,1
2017,3,228506,2
2017,4,251201,1
2017,4,236030,2
2017,5,242467,1
2017,5,227967,2
2017,6,239738,1
2017,6,225856,2
2017,7,247603,1
2017,7,232042,2
2017,8,246238,1
2017,8,231335,2
2017,9,226623,1
2017,9,214511,2
2017,10,220944,1
2017,10,210020,2
2017,11,205363,1
2017,11,193450,2
2017,12,205461,1
2017,12,194569,2
2017,13,196045,1
2017,13,185932,2
2017,14,188298,1
2017,14,176999,2
2017,15,180859,1
2017,15,170565,2
2017,16,185990,1
2017,16,175922,2
2017,17,188144,1
2017,17,178590,2
2017,18,199959,1
2017,18,191425,2
2017,19,210527,1
2017,19,199650,2
2017,20,229118,1
2017,20,216485,2
2017,21,239503,1
2017,21,225537,2
2017,22,249094,1
2017,22,234150,2
2017,23,262233,1
2017,23,248188,2
2017,24,280918,1
2017,24,266346,2
2017,25,299374,1
2017,25,284191,2
2017,26,313398,1
2017,26,298552,2
2017,27,326497,1
2017,27,312544,2
2017,28,345782,1
2017,28,332446,2
2017,29,356606,1
2017,29,343069,2
2017,30,377087,1
2017,30,365195,2
2017,31,364603,1
2017,31,355062,2
2017,32,372641,1
2017,32,363038,2
2017,33,376464,1
2017,33,368133,2
2017,34,342549,1
2017,34,334493,2
2017,35,327960,1
2017,35,327331,2
2017,36,334798,1
2017,36,334485,2
2017,37,314568,1
2017,37,316292,2
2017,38,309988,1
2017,38,315973,2
2017,39,297602,1
2017,39,307015,2
2017,40,312866,1
2017,40,323495,2
2017,41,303838,1
2017,41,319180,2
2017,42,294323,1
2017,42,311309,2
2017,43,286146,1
2017,43,303723,2
2017,44,293019,1
2017,44,314366,2
2017,45,290310,1
2017,45,310935,2
2017,46,286619,1
2017,46,308488,2
2017,47,260553,1
2017,47,285635,2
2017,48,262840,1
2017,48,290464,2
2017,49,256572,1
2017,49,288226,2
2017,50,262022,1
2017,50,297829,2
2017,51,256251,1
2017,51,296576,2
2017,52,264837,1
2017,52,311045,2
2017,53,279060,1
2017,53,333552,2
2017,54,282185,1
2017,54,342221,2
2017,55,290839,1
2017,55,354529,2
2017,56,297343,1
2017,56,367794,2
2017,57,278088,1
2017,57,352696,2
2017,58,271496,1
2017,58,350322,2
2017,59,254987,1
2017,59,335932,2
2017,60,248445,1
2017,60,334890,2
2017,61,226389,1
2017,61,312671,2
2017,62,227425,1
2017,62,321405,2
2017,63,202048,1
2017,63,293211,2
2017,64,205987,1
2017,64,305914,2
2017,65,201870,1
2017,65,302297,2
2017,66,195133,1
2017,66,297971,2
2017,67,193619,1
2017,67,307848,2
2017,68,157589,1
2017,68,254805,2
2017,69,133813,1
2017,69,224800,2
2017,70,123737,1
2017,70,217524,2
2017,71,77479,1
2017,71,143022,2
2017,72,84158,1
2017,72,163586,2
2017,73,72744,1
2017,73,144936,2
2017,74,88760,1
2017,74,183513,2
2017,75,114938,1
2017,75,236587,2
2017,76,111518,1
2017,76,235294,2
2017,77,108821,1
2017,77,246807,2
2017,78,106602,1
2017,78,247748,2
2017,79,103244,1
2017,79,239585,2
2018,0,186249,1
2018,0,175540,2
2018,1,203612,1
2018,1,190704,2
2018,2,210970,1
2018,2,197562,2
2018,3,237860,1
2018,3,224277,2
2018,4,242735,1
2018,4,228464,2
2018,5,251130,1
2018,5,235993,2
2018,6,242412,1
2018,6,227890,2
2018,7,239702,1
2018,7,225812,2
2018,8,247559,1
2018,8,231999,2
2018,9,246176,1
2018,9,231298,2
2018,10,226564,1
2018,10,214495,2
2018,11,220909,1
2018,11,209978,2
2018,12,205307,1
2018,12,193413,2
2018,13,205406,1
2018,13,194548,2
2018,14,196012,1
2018,14,185914,2
2018,15,188228,1
2018,15,176981,2
2018,16,180824,1
2018,16,170569,2
2018,17,186186,1
2018,17,176019,2
2018,18,189258,1
2018,18,179078,2
2018,19,201471,1
2018,19,192029,2
2018,20,211406,1
2018,20,200108,2
2018,21,229126,1
2018,21,216597,2
2018,22,238811,1
2018,22,225470,2
2018,23,248375,1
2018,23,233980,2
2018,24,261652,1
2018,24,247985,2
2018,25,280177,1
2018,25,266164,2
2018,26,298720,1
2018,26,284077,2
2018,27,312702,1
2018,27,298394,2
2018,28,325929,1
2018,28,312426,2
2018,29,345074,1
2018,29,332287,2
2018,30,355862,1
2018,30,342871,2
2018,31,376261,1
2018,31,364935,2
2018,32,363707,1
2018,32,354801,2
2018,33,371652,1
2018,33,362715,2
2018,34,375315,1
2018,34,367803,2
2018,35,341427,1
2018,35,334104,2
2018,36,326819,1
2018,36,326940,2
2018,37,333438,1
2018,37,333962,2
2018,38,313194,1
2018,38,315779,2
2018,39,308440,1
2018,39,315414,2
2018,40,295959,1
2018,40,306413,2
2018,41,311141,1
2018,41,322915,2
2018,42,302079,1
2018,42,318522,2
2018,43,292295,1
2018,43,310582,2
2018,44,284147,1
2018,44,302993,2
2018,45,291008,1
2018,45,313573,2
2018,46,288046,1
2018,46,310065,2
2018,47,284217,1
2018,47,307611,2
2018,48,258279,1
2018,48,284748,2
2018,49,260336,1
2018,49,289547,2
2018,50,253738,1
2018,50,287181,2
2018,51,259091,1
2018,51,296697,2
2018,52,253238,1
2018,52,295429,2
2018,53,261415,1
2018,53,309729,2
2018,54,275157,1
2018,54,332060,2
2018,55,277815,1
2018,55,340567,2
2018,56,286253,1
2018,56,352807,2
2018,57,292336,1
2018,57,365746,2
2018,58,272802,1
2018,58,350588,2
2018,59,265998,1
2018,59,347866,2
2018,60,249164,1
2018,60,333426,2
2018,61,242464,1
2018,61,332184,2
2018,62,220318,1
2018,62,309794,2
2018,63,220974,1
2018,63,318175,2
2018,64,195975,1
2018,64,290001,2
2018,65,199191,1
2018,65,302232,2
2018,66,194822,1
2018,66,298194,2
2018,67,187846,1
2018,67,293508,2
2018,68,185654,1
2018,68,302423,2
2018,69,150706,1
2018,69,249945,2
2018,70,127622,1
2018,70,220123,2
2018,71,117577,1
2018,71,212546,2
2018,72,73484,1
2018,72,139598,2
2018,73,78939,1
2018,73,158533,2
2018,74,68046,1
2018,74,140106,2
2018,75,82581,1
2018,75,176816,2
2018,76,107218,1
2018,76,227786,2
2018,77,103162,1
2018,77,225131,2
2018,78,99682,1
2018,78,234596,2
2018,79,97145,1
2018,79,234156,2
